Workbook

Sheet ГОЧ
A1: Дата | B1: Угруповання | C1: Всього бойових зіткнень | D1: Бойові зіткнення | E1: Тривають (бз) | F1: Штурмові дії | G1: Тривають (шд) | H1: Ракетні удари | I1: Застосовано ракет | J1: АУ | K1: КАБ | L1: КАР | M1: ВСЬОГО УДАРІВ БпЛА | N1: Шахеди/Гербера/Пародія | O1: Італмас | P1: Ланцет | Q1: Молнія | R1: Бандероль | S1: Привіт/Куб | T1: FPV-дрони | U1: Обстріли | V1: Всього втрачено позицій | W1: Знищено | X1: Внаслідок ШД | Y1: сам. зал. позиції | Z1: Всього відновлено/виставлено позицій | AA1: Відновлено позицій | AB1: Виставлено позицій | AC1: безповоротні_ЗСУ | AD1: санітарні_ЗСУ | AE1: зниклі безвісті_ЗСУ | AF1: полон_ЗСУ | AG1: Втрати_всього_ЗСУ | AH1: безповоротні_рф | AI1: санітарні_рф | AJ1: полон_рф | AK1: Втрати_всього_рф | AL1: безповоротні_рік_ЗСУ | AM1: санітарні_рік_ЗСУ | AN1: зниклі безвісті_рік_ЗСУ | AO1: полон_рік_ЗСУ | AP1: Втрати_всього_рік_ЗСУ | AQ1: безповоротні_рік_рф | AR1: санітарні_рік_рф | AS1: полон_рік_рф | AT1: Втрати_всього_рік_рф | AU1: безповоротні_всього_рф | AV1: санітарні_всього_рф | AW1: полон_всього_рф | AX1: Втрати_всього_всього_рф | AY1: втрачено_територій | AZ1: відновлено_територій | BA1: втрачені_нп | BB1: відновлені_нп | BC1: втрати_територій_сумарно | BD1: відновлено_територій_сумарно | BE1: втрачені_нп_опис | BF1: відновлені_нп_опис
A2: 46254
A3: =A2 -> 46254 | B3: УСБпС | C3: =SUM(D3,F3) -> 0 | D3: =RANDBETWEEN(0,2) -> 0 | E3: =RANDBETWEEN(0,2) -> 0 | F3: =RANDBETWEEN(0,2) -> 0 | G3: =RANDBETWEEN(0,2) -> 0 | H3: =RANDBETWEEN(0,2) -> 1 | I3: =RANDBETWEEN(0,2) -> 0 | J3: =RANDBETWEEN(0,2) -> 2 | K3: =RANDBETWEEN(0,2) -> 2 | L3: =RANDBETWEEN(0,2) -> 1 | M3: =SUM(N3:T3) -> 36 | N3: =RANDBETWEEN(0,10) -> 7 | O3: =RANDBETWEEN(0,10) -> 5 | P3: =RANDBETWEEN(0,10) -> 6 | Q3: =RANDBETWEEN(0,10) -> 6 | R3: =RANDBETWEEN(0,10) -> 0 | S3: =RANDBETWEEN(0,10) -> 8 | T3: =RANDBETWEEN(0,10) -> 4 | U3: =RANDBETWEEN(10,30) -> 12 | V3: =SUM(W3:Y3) -> 0 | W3: =RANDBETWEEN(0,2) -> 0 | X3: =RANDBETWEEN(0,2) -> 0 | Y3: =RANDBETWEEN(0,2) -> 0 | Z3: =AA3+AB3 -> 2 | AA3: =RANDBETWEEN(0,2) -> 2 | AB3: =RANDBETWEEN(0,2) -> 0 | AC3: =RANDBETWEEN(0,2) -> 0 | AD3: =RANDBETWEEN(0,2) -> 2 | AE3: =RANDBETWEEN(0,2) -> 2 | AF3: =RANDBETWEEN(0,2) -> 1 | AG3: =SUM(AC3:AF3) -> 5 | AH3: =RANDBETWEEN(1,10) -> 2 | AI3: =RANDBETWEEN(1,10) -> 5 | AJ3: =RANDBETWEEN(1,10) -> 8 | AK3: =SUM(AH3:AJ3) -> 15 | AY3: =RANDBETWEEN(1,10)/100 -> 0.01 | AZ3: =RANDBETWEEN(1,10)/100 -> 0.02 | BA3: 0 | BB3: 0 | BC3: 1200 | BD3: 1200
A4: =A3 -> 46254 | B4: УВ (с) "Захід" | C4: =SUM(D4,F4) -> 4 | D4: =RANDBETWEEN(0,2) -> 2 | E4: =RANDBETWEEN(0,2) -> 2 | F4: =RANDBETWEEN(0,2) -> 2 | G4: =RANDBETWEEN(0,2) -> 1 | H4: =RANDBETWEEN(0,2) -> 0 | I4: =RANDBETWEEN(0,2) -> 1 | J4: =RANDBETWEEN(0,2) -> 0 | K4: =RANDBETWEEN(0,2) -> 1 | L4: =RANDBETWEEN(0,2) -> 2 | M4: =SUM(N4:T4) -> 33 | N4: =RANDBETWEEN(0,10) -> 8 | O4: =RANDBETWEEN(0,10) -> 9 | P4: =RANDBETWEEN(0,10) -> 8 | Q4: =RANDBETWEEN(0,10) -> 4 | R4: =RANDBETWEEN(0,10) -> 1 | S4: =RANDBETWEEN(0,10) -> 3 | T4: =RANDBETWEEN(0,10) -> 0 | U4: =RANDBETWEEN(10,30) -> 21 | V4: =SUM(W4:Y4) -> 1 | W4: =RANDBETWEEN(0,2) -> 0 | X4: =RANDBETWEEN(0,2) -> 1 | Y4: =RANDBETWEEN(0,2) -> 0 | Z4: =AA4+AB4 -> 2 | AA4: =RANDBETWEEN(0,2) -> 2 | AB4: =RANDBETWEEN(0,2) -> 0 | AC4: =RANDBETWEEN(0,2) -> 0 | AD4: =RANDBETWEEN(0,2) -> 2 | AE4: =RANDBETWEEN(0,2) -> 0 | AF4: =RANDBETWEEN(0,2) -> 2 | AG4: =SUM(AC4:AF4) -> 4 | AH4: =RANDBETWEEN(1,10) -> 2 | AI4: =RANDBETWEEN(1,10) -> 4 | AJ4: =RANDBETWEEN(1,10) -> 6 | AK4: =SUM(AH4:AJ4) -> 12 | AY4: =RANDBETWEEN(1,10)/100 -> 0.09 | AZ4: =RANDBETWEEN(1,10)/100 -> 0.01 | BA4: 0 | BB4: 0 | BC4: 1200 | BD4: 1200
A5: =A4 -> 46254 | B5: 12 АК | C5: =SUM(D5,F5) -> 0 | D5: 0 | E5: 0 | F5: 0 | G5: 0 | H5: 0 | I5: 0 | J5: 0 | K5: 0 | L5: 0 | M5: =SUM(N5:T5) -> 0 | N5: 0 | O5: 0 | P5: 0 | Q5: 0 | R5: 0 | S5: 0 | T5: 0 | U5: 0 | V5: =SUM(W5:Y5) -> 0 | W5: 0 | X5: 0 | Y5: 0 | Z5: =AA5+AB5 -> 0 | AA5: 0 | AB5: 0 | AC5: 0 | AD5: 0 | AE5: 0 | AF5: 0 | AG5: =SUM(AC5:AF5) -> 0 | AH5: 0 | AI5: 0 | AJ5: 0 | AK5: =SUM(AH5:AJ5) -> 0 | AY5: =SUM(AY3:AY4) -> 0.1 | AZ5: =SUM(AZ3:AZ4) -> 0.03 | BA5: =SUM(BA3:BA4) -> 0 | BB5: =SUM(BB3:BB4) -> 0 | BC5: =SUM(BC3:BC4) -> 2400 | BD5: =SUM(BD3:BD4) -> 2400
A6: =A5 -> 46254 | B6: 15 АК | C6: =SUM(D6,F6) -> 3 | D6: =RANDBETWEEN(0,2) -> 2 | E6: =RANDBETWEEN(0,2) -> 1 | F6: =RANDBETWEEN(0,2) -> 1 | G6: =RANDBETWEEN(0,2) -> 0 | H6: =RANDBETWEEN(0,2) -> 0 | I6: =RANDBETWEEN(0,2) -> 0 | J6: =RANDBETWEEN(0,2) -> 0 | K6: =RANDBETWEEN(0,2) -> 1 | L6: =RANDBETWEEN(0,2) -> 2 | M6: =SUM(N6:T6) -> 42 | N6: =RANDBETWEEN(0,10) -> 5 | O6: =RANDBETWEEN(0,10) -> 1 | P6: =RANDBETWEEN(0,10) -> 9 | Q6: =RANDBETWEEN(0,10) -> 10 | R6: =RANDBETWEEN(0,10) -> 0 | S6: =RANDBETWEEN(0,10) -> 8 | T6: =RANDBETWEEN(0,10) -> 9 | U6: =RANDBETWEEN(10,30) -> 27 | V6: =SUM(W6:Y6) -> 3 | W6: =RANDBETWEEN(0,2) -> 0 | X6: =RANDBETWEEN(0,2) -> 1 | Y6: =RANDBETWEEN(0,2) -> 2 | Z6: =SUM(AA6:AB6) -> 3 | AA6: =RANDBETWEEN(0,2) -> 1 | AB6: =RANDBETWEEN(0,2) -> 2 | AC6: =RANDBETWEEN(0,2) -> 1 | AD6: =RANDBETWEEN(0,2) -> 2 | AE6: =RANDBETWEEN(0,2) -> 0 | AF6: =RANDBETWEEN(0,2) -> 0 | AG6: =SUM(AC6:AF6) -> 3 | AH6: =RANDBETWEEN(1,10) -> 8 | AI6: =RANDBETWEEN(1,10) -> 6 | AJ6: =RANDBETWEEN(1,10) -> 9 | AK6: =SUM(AH6:AJ6) -> 23 | AY6: =RANDBETWEEN(1,10)/10 -> 0.1 | AZ6: =RANDBETWEEN(1,10)/10 -> 0.6 | BA6: 0 | BB6: 0 | BC6: 1200 | BD6: 1200
A7: =A6 -> 46254 | B7: 18 АК | C7: =SUM(D7,F7) -> 1 | D7: =RANDBETWEEN(0,2) -> 1 | E7: =RANDBETWEEN(0,2) -> 1 | F7: =RANDBETWEEN(0,2) -> 0 | G7: =RANDBETWEEN(0,2) -> 2 | H7: =RANDBETWEEN(0,2) -> 1 | I7: =RANDBETWEEN(0,2) -> 2 | J7: =RANDBETWEEN(0,2) -> 2 | K7: =RANDBETWEEN(0,2) -> 2 | L7: =RANDBETWEEN(0,2) -> 2 | M7: =SUM(N7:T7) -> 37 | N7: =RANDBETWEEN(0,10) -> 8 | O7: =RANDBETWEEN(0,10) -> 0 | P7: =RANDBETWEEN(0,10) -> 5 | Q7: =RANDBETWEEN(0,10) -> 8 | R7: =RANDBETWEEN(0,10) -> 6 | S7: =RANDBETWEEN(0,10) -> 0 | T7: =RANDBETWEEN(0,10) -> 10 | U7: =RANDBETWEEN(10,30) -> 29 | V7: =SUM(W7:Y7) -> 6 | W7: =RANDBETWEEN(0,2) -> 2 | X7: =RANDBETWEEN(0,2) -> 2 | Y7: =RANDBETWEEN(0,2) -> 2 | Z7: =SUM(AA7:AB7) -> 1 | AA7: =RANDBETWEEN(0,2) -> 0 | AB7: =RANDBETWEEN(0,2) -> 1 | AC7: =RANDBETWEEN(0,2) -> 2 | AD7: =RANDBETWEEN(0,2) -> 0 | AE7: =RANDBETWEEN(0,2) -> 0 | AF7: =RANDBETWEEN(0,2) -> 1 | AG7: =SUM(AC7:AF7) -> 3 | AH7: =RANDBETWEEN(1,10) -> 7 | AI7: =RANDBETWEEN(1,10) -> 7 | AJ7: =RANDBETWEEN(1,10) -> 5 | AK7: =SUM(AH7:AJ7) -> 19 | AY7: =RANDBETWEEN(1,10)/10 -> 0.7 | AZ7: =RANDBETWEEN(1,10)/10 -> 0.5 | BA7: 0 | BB7: 0 | BC7: 1200 | BD7: 1200
A8: =A7 -> 46254 | B8: УВ (с) "Північ" | C8: =SUM(D8,F8) -> 4 | D8: =SUM(D6:D7) -> 3 | E8: =SUM(E6:E7) -> 2 | F8: =SUM(F6:F7) -> 1 | G8: =SUM(G6:G7) -> 2 | H8: =SUM(H6:H7) -> 1 | I8: =SUM(I6:I7) -> 2 | J8: =SUM(J6:J7) -> 2 | K8: =SUM(K6:K7) -> 3 | L8: =SUM(L6:L7) -> 4 | M8: =SUM(N8:T8) -> 73 | N8: =SUM(N6:N7) -> 13 | O8: =SUM(O6:O7) -> 1 | P8: =SUM(P6:P7) -> 14 | Q8: =SUM(Q6:Q7) -> 18 | R8: 0 | S8: =SUM(S6:S7) -> 8 | T8: =SUM(T6:T7) -> 19 | U8: =SUM(U6:U7) -> 56 | V8: =SUM(W8:Y8) -> 9 | W8: =SUM(W6:W7) -> 2 | X8: =SUM(X6:X7) -> 3 | Y8: =SUM(Y6:Y7) -> 4 | Z8: =SUM(AA8:AB8) -> 4 | AA8: =SUM(AA6:AA7) -> 1 | AB8: =SUM(AB6:AB7) -> 3 | AC8: =SUM(AC6:AC7) -> 3 | AD8: =SUM(AD6:AD7) -> 2 | AE8: =SUM(AE6:AE7) -> 0 | AF8: =SUM(AF6:AF7) -> 1 | AG8: =SUM(AC8:AF8) -> 6 | AH8: =SUM(AH6:AH7) -> 15 | AI8: =SUM(AI6:AI7) -> 13 | AJ8: =SUM(AJ6:AJ7) -> 14 | AK8: =SUM(AH8:AJ8) -> 42 | AY8: =SUM(AY6:AY7) -> 0.8 | AZ8: =SUM(AZ6:AZ7) -> 1.1 | BA8: =SUM(BA6:BA7) -> 0 | BB8: =SUM(BB6:BB7) -> 0 | BC8: =SUM(BC6:BC7) -> 2400 | BD8: =SUM(BD6:BD7) -> 2400 | BE8: =TEXTJOIN(", ",TRUE,BE6:BE7) | BF8: =TEXTJOIN(", ",TRUE,BF6:BF7)
A9: =A8 -> 46254 | B9: УВ "Курськ" | C9: =SUM(D9,F9) -> 5 | D9: 3 | E9: 0 | F9: 2 | G9: 2 | H9: 0 | I9: 0 | J9: 1 | K9: 1 | L9: 0 | M9: =SUM(N9:T9) -> 38 | N9: 0 | O9: 0 | P9: 0 | Q9: 9 | R9: 0 | S9: 0 | T9: 29 | U9: 7 | V9: =W9+X9+Y9 -> 0 | W9: 0 | X9: 0 | Y9: 0 | Z9: =SUM(AA9:AB9) -> 0 | AA9: 0 | AB9: 0 | AC9: 0 | AD9: 1 | AE9: 0 | AF9: 0 | AG9: =SUM(AC9:AF9) -> 1 | AH9: 6 | AI9: 5 | AJ9: 0 | AK9: =SUM(AH9:AJ9) -> 11 | AY9: =RANDBETWEEN(1,10) -> 8 | AZ9: =RANDBETWEEN(1,10) -> 9 | BA9: 2 | BB9: 0 | BC9: 0 | BD9: 0 | BE9: Курськ, Рильск
A10: =A9 -> 46254 | B10: 14 АК | C10: =SUM(D10,F10) -> 2 | D10: =RANDBETWEEN(0,2) -> 2 | E10: =RANDBETWEEN(0,2) -> 2 | F10: =RANDBETWEEN(0,2) -> 0 | G10: =RANDBETWEEN(0,2) -> 0 | H10: =RANDBETWEEN(0,2) -> 1 | I10: =RANDBETWEEN(0,2) -> 2 | J10: =RANDBETWEEN(0,2) -> 2 | K10: =RANDBETWEEN(0,2) -> 1 | L10: =RANDBETWEEN(0,2) -> 0 | M10: =SUM(N10:T10) -> 17 | N10: =RANDBETWEEN(0,10) -> 2 | O10: =RANDBETWEEN(0,10) -> 2 | P10: =RANDBETWEEN(0,10) -> 0 | Q10: =RANDBETWEEN(0,10) -> 4 | R10: =RANDBETWEEN(0,10) -> 1 | S10: =RANDBETWEEN(0,10) -> 4 | T10: =RANDBETWEEN(0,10) -> 4 | U10: =RANDBETWEEN(10,30) -> 11 | V10: =W10+X10+Y10 -> 3 | W10: =RANDBETWEEN(0,2) -> 2 | X10: =RANDBETWEEN(0,2) -> 0 | Y10: =RANDBETWEEN(0,2) -> 1 | Z10: =AA10+AB10 -> 4 | AA10: =RANDBETWEEN(0,2) -> 2 | AB10: =RANDBETWEEN(0,2) -> 2 | AC10: =RANDBETWEEN(0,2) -> 1 | AD10: =RANDBETWEEN(0,2) -> 2 | AE10: =RANDBETWEEN(0,2) -> 0 | AF10: =RANDBETWEEN(0,2) -> 0 | AG10: =SUM(AC10:AF10) -> 3 | AH10: =RANDBETWEEN(1,10) -> 1 | AI10: =RANDBETWEEN(1,10) -> 3 | AJ10: =RANDBETWEEN(1,10) -> 2 | AK10: =SUM(AH10:AJ10) -> 6 | AY10: =RANDBETWEEN(1,10)/10 -> 0.5 | AZ10: =RANDBETWEEN(1,10)/10 -> 0.3 | BA10: 1 | BB10: 0 | BC10: 1200 | BD10: 1200 | BE10: Олександівка
A11: =A10 -> 46254 | B11: 2 КНГУ "Хартія" | C11: =SUM(D11,F11) -> 2 | D11: =RANDBETWEEN(0,2) -> 2 | E11: =RANDBETWEEN(0,2) -> 0 | F11: =RANDBETWEEN(0,2) -> 0 | G11: =RANDBETWEEN(0,2) -> 0 | H11: =RANDBETWEEN(0,2) -> 1 | I11: =RANDBETWEEN(0,2) -> 1 | J11: =RANDBETWEEN(0,2) -> 1 | K11: =RANDBETWEEN(0,2) -> 2 | L11: =RANDBETWEEN(0,2) -> 1 | M11: =SUM(N11:T11) -> 43 | N11: =RANDBETWEEN(0,10) -> 2 | O11: =RANDBETWEEN(0,10) -> 9 | P11: =RANDBETWEEN(0,10) -> 6 | Q11: =RANDBETWEEN(0,10) -> 7 | R11: =RANDBETWEEN(0,10) -> 8 | S11: =RANDBETWEEN(0,10) -> 10 | T11: =RANDBETWEEN(0,10) -> 1 | U11: =RANDBETWEEN(10,30) -> 12 | V11: =W11+X11+Y11 -> 5 | W11: =RANDBETWEEN(0,2) -> 1 | X11: =RANDBETWEEN(0,2) -> 2 | Y11: =RANDBETWEEN(0,2) -> 2 | Z11: =AA11+AB11 -> 4 | AA11: =RANDBETWEEN(0,2) -> 2 | AB11: =RANDBETWEEN(0,2) -> 2 | AC11: =RANDBETWEEN(0,2) -> 1 | AD11: =RANDBETWEEN(0,2) -> 1 | AE11: =RANDBETWEEN(0,2) -> 0 | AF11: =RANDBETWEEN(0,2) -> 0 | AG11: =SUM(AC11:AF11) -> 2 | AH11: =RANDBETWEEN(1,10) -> 2 | AI11: =RANDBETWEEN(1,10) -> 3 | AJ11: =RANDBETWEEN(1,10) -> 2 | AK11: =SUM(AH11:AJ11) -> 7 | AY11: =RANDBETWEEN(1,10)/10 -> 1 | AZ11: =RANDBETWEEN(1,10)/10 -> 1 | BA11: 1 | BB11: 2 | BC11: 1200 | BD11: 1200 | BE11: Пантелеймонівка | BF11: Загреблі, Верхні води
A12: =A11 -> 46254 | B12: 16 АК | C12: =SUM(D12,F12) -> 3 | D12: =RANDBETWEEN(0,2) -> 2 | E12: =RANDBETWEEN(0,2) -> 0 | F12: =RANDBETWEEN(0,2) -> 1 | G12: =RANDBETWEEN(0,2) -> 0 | H12: =RANDBETWEEN(0,2) -> 0 | I12: =RANDBETWEEN(0,2) -> 1 | J12: =RANDBETWEEN(0,2) -> 2 | K12: =RANDBETWEEN(0,2) -> 0 | L12: =RANDBETWEEN(0,2) -> 1 | M12: =SUM(N12:T12) -> 45 | N12: =RANDBETWEEN(0,10) -> 10 | O12: =RANDBETWEEN(0,10) -> 7 | P12: =RANDBETWEEN(0,10) -> 4 | Q12: =RANDBETWEEN(0,10) -> 5 | R12: =RANDBETWEEN(0,10) -> 8 | S12: =RANDBETWEEN(0,10) -> 5 | T12: =RANDBETWEEN(0,10) -> 6 | U12: =RANDBETWEEN(10,30) -> 12 | V12: =W12+X12+Y12 -> 1 | W12: =RANDBETWEEN(0,2) -> 0 | X12: =RANDBETWEEN(0,2) -> 1 | Y12: =RANDBETWEEN(0,2) -> 0 | Z12: =AA12+AB12 -> 1 | AA12: =RANDBETWEEN(0,2) -> 0 | AB12: =RANDBETWEEN(0,2) -> 1 | AC12: =RANDBETWEEN(0,2) -> 0 | AD12: =RANDBETWEEN(0,2) -> 0 | AE12: =RANDBETWEEN(0,2) -> 2 | AF12: =RANDBETWEEN(0,2) -> 1 | AG12: =SUM(AC12:AF12) -> 3 | AH12: =RANDBETWEEN(1,10) -> 6 | AI12: =RANDBETWEEN(1,10) -> 6 | AJ12: =RANDBETWEEN(1,10) -> 5 | AK12: =SUM(AH12:AJ12) -> 17 | AY12: =RANDBETWEEN(1,10)/10 -> 0.8 | AZ12: =RANDBETWEEN(1,10)/10 -> 0.9 | BA12: 0 | BB12: 0 | BC12: 1200 | BD12: 1200
A13: =A12 -> 46254 | B13: 10 АК | C13: =SUM(D13,F13) -> 1 | D13: =RANDBETWEEN(0,2) -> 1 | E13: =RANDBETWEEN(0,2) -> 0 | F13: =RANDBETWEEN(0,2) -> 0 | G13: =RANDBETWEEN(0,2) -> 1 | H13: =RANDBETWEEN(0,2) -> 2 | I13: =RANDBETWEEN(0,2) -> 2 | J13: =RANDBETWEEN(0,2) -> 0 | K13: =RANDBETWEEN(0,2) -> 1 | L13: =RANDBETWEEN(0,2) -> 1 | M13: =SUM(N13:T13) -> 48 | N13: =RANDBETWEEN(0,10) -> 10 | O13: =RANDBETWEEN(0,10) -> 2 | P13: =RANDBETWEEN(0,10) -> 8 | Q13: =RANDBETWEEN(0,10) -> 9 | R13: =RANDBETWEEN(0,10) -> 3 | S13: =RANDBETWEEN(0,10) -> 7 | T13: =RANDBETWEEN(0,10) -> 9 | U13: =RANDBETWEEN(10,30) -> 27 | V13: =W13+X13+Y13 -> 3 | W13: =RANDBETWEEN(0,2) -> 2 | X13: =RANDBETWEEN(0,2) -> 0 | Y13: =RANDBETWEEN(0,2) -> 1 | Z13: =AA13+AB13 -> 2 | AA13: =RANDBETWEEN(0,2) -> 1 | AB13: =RANDBETWEEN(0,2) -> 1 | AC13: =RANDBETWEEN(0,2) -> 0 | AD13: =RANDBETWEEN(0,2) -> 1 | AE13: =RANDBETWEEN(0,2) -> 2 | AF13: =RANDBETWEEN(0,2) -> 1 | AG13: =SUM(AC13:AF13) -> 4 | AH13: =RANDBETWEEN(1,10) -> 10 | AI13: =RANDBETWEEN(1,10) -> 1 | AJ13: =RANDBETWEEN(1,10) -> 9 | AK13: =SUM(AH13:AJ13) -> 20 | AY13: =RANDBETWEEN(1,10)/10 -> 0.4 | AZ13: =RANDBETWEEN(1,10)/10 -> 0.9 | BA13: 1 | BB13: 0 | BC13: 1200 | BD13: 1200 | BE13: Миколаївка
A14: =A13 -> 46254 | B14: 3 АК | C14: =SUM(D14,F14) -> 2 | D14: =RANDBETWEEN(0,2) -> 2 | E14: =RANDBETWEEN(0,2) -> 1 | F14: =RANDBETWEEN(0,2) -> 0 | G14: =RANDBETWEEN(0,2) -> 1 | H14: =RANDBETWEEN(0,2) -> 2 | I14: =RANDBETWEEN(0,2) -> 2 | J14: =RANDBETWEEN(0,2) -> 1 | K14: =RANDBETWEEN(0,2) -> 0 | L14: =RANDBETWEEN(0,2) -> 0 | M14: =SUM(N14:T14) -> 32 | N14: =RANDBETWEEN(0,10) -> 6 | O14: =RANDBETWEEN(0,10) -> 10 | P14: =RANDBETWEEN(0,10) -> 0 | Q14: =RANDBETWEEN(0,10) -> 5 | R14: =RANDBETWEEN(0,10) -> 1 | S14: =RANDBETWEEN(0,10) -> 8 | T14: =RANDBETWEEN(0,10) -> 2 | U14: =RANDBETWEEN(10,30) -> 14 | V14: =W14+X14+Y14 -> 2 | W14: =RANDBETWEEN(0,2) -> 1 | X14: =RANDBETWEEN(0,2) -> 1 | Y14: =RANDBETWEEN(0,2) -> 0 | Z14: =AA14+AB14 -> 0 | AA14: =RANDBETWEEN(0,2) -> 0 | AB14: =RANDBETWEEN(0,2) -> 0 | AC14: =RANDBETWEEN(0,2) -> 0 | AD14: =RANDBETWEEN(0,2) -> 0 | AE14: =RANDBETWEEN(0,2) -> 0 | AF14: =RANDBETWEEN(0,2) -> 2 | AG14: =SUM(AC14:AF14) -> 2 | AH14: =RANDBETWEEN(1,10) -> 10 | AI14: =RANDBETWEEN(1,10) -> 9 | AJ14: =RANDBETWEEN(1,10) -> 8 | AK14: =SUM(AH14:AJ14) -> 27 | AY14: =RANDBETWEEN(1,10)/10 -> 0.5 | AZ14: =RANDBETWEEN(1,10)/10 -> 0.4 | BA14: 0 | BB14: 1 | BC14: 1200 | BD14: 1200 | BF14: Ступочки
A15: =A14 -> 46254 | B15: УОС | C15: =SUM(D15,F15) -> 10 | D15: =D10+D11+D12+D13+D14 -> 9 | E15: =E10+E11+E12+E13+E14 -> 3 | F15: =F10+F11+F12+F13+F14 -> 1 | G15: =G10+G11+G12+G13+G14 -> 2 | H15: =H10+H11+H12+H13+H14 -> 6 | I15: =I10+I11+I12+I13+I14 -> 8 | J15: =J10+J11+J12+J13+J14 -> 6 | K15: =K10+K11+K12+K13+K14 -> 4 | L15: =L10+L11+L12+L13+L14 -> 3 | M15: =SUM(N15:T15) -> 185 | N15: =N10+N11+N12+N13+N14 -> 30 | O15: =O10+O11+O12+O13+O14 -> 30 | P15: =P10+P11+P12+P13+P14 -> 18 | Q15: =Q10+Q11+Q12+Q13+Q14 -> 30 | R15: =R10+R11+R12+R13+R14 -> 21 | S15: =S10+S11+S12+S13+S14 -> 34 | T15: =T10+T11+T12+T13+T14 -> 22 | U15: =U10+U11+U12+U13+U14 -> 76 | V15: =W15+X15+Y15 -> 14 | W15: =W10+W11+W12+W13+W14 -> 6 | X15: =X10+X11+X12+X13+X14 -> 4 | Y15: =Y10+Y11+Y12+Y13+Y14 -> 4 | Z15: =AA15+AB15 -> 11 | AA15: =AA10+AA11+AA12+AA13+AA14 -> 5 | AB15: =AB10+AB11+AB12+AB13+AB14 -> 6 | AC15: =AC10+AC11+AC12+AC13+AC14 -> 2 | AD15: =AE10+AD11+AD12+AD13+AD14 -> 2 | AE15: =AE10+AE11+AE12+AE13+AE14 -> 4 | AF15: =AF10+AF11+AF12+AF13+AF14 -> 4 | AG15: =SUM(AC15:AF15) -> 12 | AH15: =AH10+AH11+AH12+AH13+AH14 -> 29 | AI15: =AI10+AI11+AI12+AI13+AI14 -> 22 | AJ15: =AJ10+AJ11+AJ12+AJ13+AJ14 -> 26 | AK15: =SUM(AH15:AJ15) -> 77 | AY15: =AY10+AY11+AY12+AY13+AY14 -> 3.2 | AZ15: =AZ10+AZ11+AZ12+AZ13+AZ14 -> 3.5 | BA15: =BA10+BA11+BA12+BA13+BA14 -> 3 | BB15: =BB10+BB11+BB12+BB13+BB14 -> 3 | BC15: =BC10+BC11+BC12+BC13+BC14 -> 6000 | BD15: =BD10+BD11+BD12+BD13+BD14 -> 6000 | BE15: =TEXTJOIN(", ",TRUE,BE10:BE14) -> Олександівка, Пантелеймонівка, Миколаївка | BF15: =TEXTJOIN(", ",TRUE,BF10:BF14) -> Загреблі, Верхні води, Ступочки
A16: =A15 -> 46254 | B16: 11 АК | C16: =SUM(D16,F16) -> 4 | D16: =RANDBETWEEN(0,2) -> 2 | E16: =RANDBETWEEN(0,2) -> 2 | F16: =RANDBETWEEN(0,2) -> 2 | G16: =RANDBETWEEN(0,2) -> 2 | H16: =RANDBETWEEN(0,2) -> 0 | I16: =RANDBETWEEN(0,2) -> 0 | J16: =RANDBETWEEN(0,2) -> 1 | K16: =RANDBETWEEN(0,2) -> 2 | L16: =RANDBETWEEN(0,2) -> 1 | M16: =SUM(N16:T16) -> 40 | N16: =RANDBETWEEN(0,10) -> 4 | O16: =RANDBETWEEN(0,10) -> 9 | P16: =RANDBETWEEN(0,10) -> 6 | Q16: =RANDBETWEEN(0,10) -> 2 | R16: =RANDBETWEEN(0,10) -> 6 | S16: =RANDBETWEEN(0,10) -> 10 | T16: =RANDBETWEEN(0,10) -> 3 | U16: =RANDBETWEEN(10,30) -> 26 | V16: =W16+X16+Y16 -> 3 | W16: =RANDBETWEEN(0,2) -> 2 | X16: =RANDBETWEEN(0,2) -> 0 | Y16: =RANDBETWEEN(0,2) -> 1 | Z16: =AA16+AB16 -> 0 | AA16: =RANDBETWEEN(0,2) -> 0 | AB16: =RANDBETWEEN(0,2) -> 0 | AC16: =RANDBETWEEN(0,2) -> 1 | AD16: =RANDBETWEEN(0,2) -> 2 | AE16: =RANDBETWEEN(0,2) -> 2 | AF16: =RANDBETWEEN(0,2) -> 1 | AG16: =SUM(AC16:AF16) -> 6 | AH16: =RANDBETWEEN(1,10) -> 6 | AI16: =RANDBETWEEN(1,10) -> 3 | AJ16: =RANDBETWEEN(1,10) -> 1 | AK16: =SUM(AH16:AJ16) -> 10 | AY16: =RANDBETWEEN(1,10)/10 -> 0.6 | AZ16: =RANDBETWEEN(1,10)/10 -> 0.7 | BA16: 0 | BB16: 0 | BC16: 1200 | BD16: 1200
A17: =A16 -> 46254 | B17: 19 АК | C17: =SUM(D17,F17) -> 3 | D17: =RANDBETWEEN(0,2) -> 1 | E17: =RANDBETWEEN(0,2) -> 0 | F17: =RANDBETWEEN(0,2) -> 2 | G17: =RANDBETWEEN(0,2) -> 2 | H17: =RANDBETWEEN(0,2) -> 1 | I17: =RANDBETWEEN(0,2) -> 1 | J17: =RANDBETWEEN(0,2) -> 1 | K17: =RANDBETWEEN(0,2) -> 0 | L17: =RANDBETWEEN(0,2) -> 1 | M17: =SUM(N17:T17) -> 45 | N17: =RANDBETWEEN(0,10) -> 9 | O17: =RANDBETWEEN(0,10) -> 2 | P17: =RANDBETWEEN(0,10) -> 5 | Q17: =RANDBETWEEN(0,10) -> 8 | R17: =RANDBETWEEN(0,10) -> 4 | S17: =RANDBETWEEN(0,10) -> 9 | T17: =RANDBETWEEN(0,10) -> 8 | U17: =RANDBETWEEN(10,30) -> 26 | V17: =W17+X17+Y17 -> 2 | W17: =RANDBETWEEN(0,2) -> 1 | X17: =RANDBETWEEN(0,2) -> 1 | Y17: =RANDBETWEEN(0,2) -> 0 | Z17: =AA17+AB17 -> 1 | AA17: =RANDBETWEEN(0,2) -> 0 | AB17: =RANDBETWEEN(0,2) -> 1 | AC17: =RANDBETWEEN(0,2) -> 0 | AD17: =RANDBETWEEN(0,2) -> 0 | AE17: =RANDBETWEEN(0,2) -> 0 | AF17: =RANDBETWEEN(0,2) -> 0 | AG17: =SUM(AC17:AF17) -> 0 | AH17: =RANDBETWEEN(1,10) -> 5 | AI17: =RANDBETWEEN(1,10) -> 4 | AJ17: =RANDBETWEEN(1,10) -> 10 | AK17: =SUM(AH17:AJ17) -> 19 | AY17: =RANDBETWEEN(1,10)/10 -> 0.2 | AZ17: =RANDBETWEEN(1,10)/10 -> 0.3 | BA17: 0 | BB17: 0 | BC17: 1200 | BD17: 1200
A18: =A17 -> 46254 | B18: 1 КНГУ "Азов" | C18: =SUM(D18,F18) -> 4 | D18: =RANDBETWEEN(0,2) -> 2 | E18: =RANDBETWEEN(0,2) -> 0 | F18: =RANDBETWEEN(0,2) -> 2 | G18: =RANDBETWEEN(0,2) -> 2 | H18: =RANDBETWEEN(0,2) -> 0 | I18: =RANDBETWEEN(0,2) -> 1 | J18: =RANDBETWEEN(0,2) -> 0 | K18: =RANDBETWEEN(0,2) -> 2 | L18: =RANDBETWEEN(0,2) -> 1 | M18: =SUM(N18:T18) -> 46 | N18: =RANDBETWEEN(0,10) -> 5 | O18: =RANDBETWEEN(0,10) -> 8 | P18: =RANDBETWEEN(0,10) -> 7 | Q18: =RANDBETWEEN(0,10) -> 8 | R18: =RANDBETWEEN(0,10) -> 5 | S18: =RANDBETWEEN(0,10) -> 10 | T18: =RANDBETWEEN(0,10) -> 3 | U18: =RANDBETWEEN(10,30) -> 21 | V18: =W18+X18+Y18 -> 4 | W18: =RANDBETWEEN(0,2) -> 2 | X18: =RANDBETWEEN(0,2) -> 0 | Y18: =RANDBETWEEN(0,2) -> 2 | Z18: =AA18+AB18 -> 0 | AA18: =RANDBETWEEN(0,2) -> 0 | AB18: =RANDBETWEEN(0,2) -> 0 | AC18: =RANDBETWEEN(0,2) -> 0 | AD18: =RANDBETWEEN(0,2) -> 0 | AE18: =RANDBETWEEN(0,2) -> 2 | AF18: =RANDBETWEEN(0,2) -> 0 | AG18: =SUM(AC18:AF18) -> 2 | AH18: =RANDBETWEEN(1,10) -> 10 | AI18: =RANDBETWEEN(1,10) -> 4 | AJ18: =RANDBETWEEN(1,10) -> 10 | AK18: =SUM(AH18:AJ18) -> 24 | AY18: =RANDBETWEEN(1,10)/10 -> 0.3 | AZ18: =RANDBETWEEN(1,10)/10 -> 0.8 | BA18: 0 | BB18: 0 | BC18: 1200 | BD18: 1200
A19: =A18 -> 46254 | B19: 7 КШР | C19: =SUM(D19,F19) -> 2 | D19: =RANDBETWEEN(0,2) -> 0 | E19: =RANDBETWEEN(0,2) -> 0 | F19: =RANDBETWEEN(0,2) -> 2 | G19: =RANDBETWEEN(0,2) -> 0 | H19: =RANDBETWEEN(0,2) -> 1 | I19: =RANDBETWEEN(0,2) -> 1 | J19: =RANDBETWEEN(0,2) -> 2 | K19: =RANDBETWEEN(0,2) -> 1 | L19: =RANDBETWEEN(0,2) -> 0 | M19: =SUM(N19:T19) -> 27 | N19: =RANDBETWEEN(0,10) -> 10 | O19: =RANDBETWEEN(0,10) -> 3 | P19: =RANDBETWEEN(0,10) -> 5 | Q19: =RANDBETWEEN(0,10) -> 2 | R19: =RANDBETWEEN(0,10) -> 5 | S19: =RANDBETWEEN(0,10) -> 0 | T19: =RANDBETWEEN(0,10) -> 2 | U19: =RANDBETWEEN(10,30) -> 26 | V19: =W19+X19+Y19 -> 6 | W19: =RANDBETWEEN(0,2) -> 2 | X19: =RANDBETWEEN(0,2) -> 2 | Y19: =RANDBETWEEN(0,2) -> 2 | Z19: =AA19+AB19 -> 1 | AA19: =RANDBETWEEN(0,2) -> 1 | AB19: =RANDBETWEEN(0,2) -> 0 | AC19: =RANDBETWEEN(0,2) -> 2 | AD19: =RANDBETWEEN(0,2) -> 2 | AE19: =RANDBETWEEN(0,2) -> 1 | AF19: =RANDBETWEEN(0,2) -> 0 | AG19: =SUM(AC19:AF19) -> 5 | AH19: =RANDBETWEEN(1,10) -> 4 | AI19: =RANDBETWEEN(1,10) -> 6 | AJ19: =RANDBETWEEN(1,10) -> 7 | AK19: =SUM(AH19:AJ19) -> 17 | AY19: =RANDBETWEEN(1,10)/10 -> 0.9 | AZ19: =RANDBETWEEN(1,10)/10 -> 0.8 | BA19: 0 | BB19: 0 | BC19: 1200 | BD19: 1200
A20: =A19 -> 46254 | B20: Покровський н. | C20: =SUM(D20,F20) -> 3 | D20: =RANDBETWEEN(0,2) -> 2 | E20: =RANDBETWEEN(0,2) -> 1 | F20: =RANDBETWEEN(0,2) -> 1 | G20: =RANDBETWEEN(0,2) -> 2 | H20: =RANDBETWEEN(0,2) -> 1 | I20: =RANDBETWEEN(0,2) -> 0 | J20: =RANDBETWEEN(0,2) -> 0 | K20: =RANDBETWEEN(0,2) -> 1 | L20: =RANDBETWEEN(0,2) -> 2 | M20: =SUM(N20:T20) -> 31 | N20: =RANDBETWEEN(0,10) -> 10 | O20: =RANDBETWEEN(0,10) -> 1 | P20: =RANDBETWEEN(0,10) -> 1 | Q20: =RANDBETWEEN(0,10) -> 0 | R20: =RANDBETWEEN(0,10) -> 8 | S20: =RANDBETWEEN(0,10) -> 5 | T20: =RANDBETWEEN(0,10) -> 6 | U20: =RANDBETWEEN(10,30) -> 26 | V20: =W20+X20+Y20 -> 3 | W20: =RANDBETWEEN(0,2) -> 1 | X20: =RANDBETWEEN(0,2) -> 2 | Y20: =RANDBETWEEN(0,2) -> 0 | Z20: =AA20+AB20 -> 3 | AA20: =RANDBETWEEN(0,2) -> 2 | AB20: =RANDBETWEEN(0,2) -> 1 | AC20: =RANDBETWEEN(0,2) -> 2 | AD20: =RANDBETWEEN(0,2) -> 0 | AE20: =RANDBETWEEN(0,2) -> 2 | AF20: =RANDBETWEEN(0,2) -> 2 | AG20: =SUM(AC20:AF20) -> 6 | AH20: =RANDBETWEEN(1,10) -> 4 | AI20: =RANDBETWEEN(1,10) -> 3 | AJ20: =RANDBETWEEN(1,10) -> 2 | AK20: =SUM(AH20:AJ20) -> 9 | AY20: =RANDBETWEEN(1,10)/10 -> 0.2 | AZ20: =RANDBETWEEN(1,10)/10 -> 0.5 | BA20: 0 | BB20: 0 | BC20: 1200 | BD20: 1200
A21: =A20 -> 46254 | B21: 9 АК | C21: =SUM(D21,F21) -> 4 | D21: =RANDBETWEEN(0,2) -> 2 | E21: =RANDBETWEEN(0,2) -> 0 | F21: =RANDBETWEEN(0,2) -> 2 | G21: =RANDBETWEEN(0,2) -> 1 | H21: =RANDBETWEEN(0,2) -> 2 | I21: =RANDBETWEEN(0,2) -> 0 | J21: =RANDBETWEEN(0,2) -> 1 | K21: =RANDBETWEEN(0,2) -> 0 | L21: =RANDBETWEEN(0,2) -> 1 | M21: =SUM(N21:T21) -> 29 | N21: =RANDBETWEEN(0,10) -> 1 | O21: =RANDBETWEEN(0,10) -> 8 | P21: =RANDBETWEEN(0,10) -> 0 | Q21: =RANDBETWEEN(0,10) -> 4 | R21: =RANDBETWEEN(0,10) -> 4 | S21: =RANDBETWEEN(0,10) -> 3 | T21: =RANDBETWEEN(0,10) -> 9 | U21: =RANDBETWEEN(10,30) -> 15 | V21: =W21+X21+Y21 -> 4 | W21: =RANDBETWEEN(0,2) -> 2 | X21: =RANDBETWEEN(0,2) -> 1 | Y21: =RANDBETWEEN(0,2) -> 1 | Z21: =AA21+AB21 -> 2 | AA21: =RANDBETWEEN(0,2) -> 2 | AB21: =RANDBETWEEN(0,2) -> 0 | AC21: =RANDBETWEEN(0,2) -> 2 | AD21: =RANDBETWEEN(0,2) -> 0 | AE21: =RANDBETWEEN(0,2) -> 2 | AF21: =RANDBETWEEN(0,2) -> 0 | AG21: =SUM(AC21:AF21) -> 4 | AH21: =RANDBETWEEN(1,10) -> 6 | AI21: =RANDBETWEEN(1,10) -> 5 | AJ21: =RANDBETWEEN(1,10) -> 2 | AK21: =SUM(AH21:AJ21) -> 13 | AY21: =RANDBETWEEN(1,10)/10 -> 0.8 | AZ21: =RANDBETWEEN(1,10)/10 -> 0.9 | BA21: 0 | BB21: 0 | BC21: 1200 | BD21: 1200
A22: =A21 -> 46254 | B22: УВ (с) "Схід" | C22: =SUM(D22,F22) -> 20 | D22: =SUM(D16:D21) -> 9 | E22: =SUM(E16:E21) -> 3 | F22: =SUM(F16:F21) -> 11 | G22: =SUM(G16:G21) -> 9 | H22: =SUM(H16:H21) -> 5 | I22: =SUM(I16:I21) -> 3 | J22: =SUM(J16:J21) -> 5 | K22: =SUM(K16:K21) -> 6 | ... U22: =SUM(U16:U21) -> 140 | V22: =W22+X22+Y22 -> 22 | W22: =SUM(W16:W21) -> 10 | X22: =SUM(X16:X21) -> 6 | Y22: =SUM(Y16:Y21) -> 6 | Z22: =AA22+AB22 -> 7 | AA22: =SUM(AA16:AA21) -> 5 | AB22: =SUM(AB16:AB21) -> 2 | AC22: =SUM(AC16:AC21) -> 7 | AD22: =SUM(AD16:AD21) -> 4 | AE22: =SUM(AE16:AE21) -> 9 | AF22: =SUM(AF16:AF21) -> 3 | AG22: =SUM(AC22:AF22) -> 23 | AH22: =SUM(AH16:AH21) -> 35 | AI22: =SUM(AI16:AI21) -> 25 | AJ22: =SUM(AJ16:AJ21) -> 32 | AK22: =SUM(AH22:AJ22) -> 92 | AY22: =SUM(AY16:AY21) -> 3 | AZ22: =SUM(AZ16:AZ21) -> 4 | BA22: =SUM(BA16:BA21) -> 0 | BB22: =SUM(BB16:BB21) -> 0 | BC22: =SUM(BC16:BC21) -> 7200 | BD22: =SUM(BD16:BD21) -> 7200 | BE22: =TEXTJOIN(", ",TRUE,BE16:BE21) | BF22: =TEXTJOIN(", ",TRUE,BF16:BF21)
A23: =A22 -> 46254 | B23: 20 АК | C23: =SUM(D23,F23) -> 2 | D23: =RANDBETWEEN(0,2) -> 0 | E23: =RANDBETWEEN(0,2) -> 0 | F23: =RANDBETWEEN(0,2) -> 2 | G23: =RANDBETWEEN(0,2) -> 1 | H23: =RANDBETWEEN(0,2) -> 2 | I23: =RANDBETWEEN(0,2) -> 2 | J23: =RANDBETWEEN(0,2) -> 0 | K23: =RANDBETWEEN(0,2) -> 1 | L23: =RANDBETWEEN(0,2) -> 2 | M23: =SUM(N23:T23) -> 36 | N23: =RANDBETWEEN(0,10) -> 0 | O23: =RANDBETWEEN(0,10) -> 10 | P23: =RANDBETWEEN(0,10) -> 6 | Q23: =RANDBETWEEN(0,10) -> 8 | R23: =RANDBETWEEN(0,10) -> 0 | S23: =RANDBETWEEN(0,10) -> 9 | T23: =RANDBETWEEN(0,10) -> 3 | U23: =RANDBETWEEN(10,30) -> 14 | V23: =W23+X23+Y23 -> 2 | W23: =RANDBETWEEN(0,2) -> 0 | X23: =RANDBETWEEN(0,2) -> 2 | Y23: =RANDBETWEEN(0,2) -> 0 | Z23: =AA23+AB23 -> 1 | AA23: =RANDBETWEEN(0,2) -> 1 | AB23: =RANDBETWEEN(0,2) -> 0 | AC23: =RANDBETWEEN(0,2) -> 1 | AD23: =RANDBETWEEN(0,2) -> 2 | AE23: =RANDBETWEEN(0,2) -> 2 | AF23: =RANDBETWEEN(0,2) -> 1 | AG23: =SUM(AC23:AF23) -> 6 | AH23: =RANDBETWEEN(1,10) -> 10 | AI23: =RANDBETWEEN(1,10) -> 7 | AJ23: =RANDBETWEEN(1,10) -> 5 | AK23: =SUM(AH23:AJ23) -> 22 | AY23: =RANDBETWEEN(1,10)/10 -> 0.4 | AZ23: =RANDBETWEEN(1,10)/10 -> 0.4 | BA23: 0 | BB23: 0 | BC23: 1200 | BD23: 1200
A24: =A23 -> 46254 | B24: Олександрівський н. | C24: =SUM(D24,F24) -> 2 | D24: =RANDBETWEEN(0,2) -> 2 | E24: =RANDBETWEEN(0,2) -> 2 | F24: =RANDBETWEEN(0,2) -> 0 | G24: =RANDBETWEEN(0,2) -> 0 | H24: =RANDBETWEEN(0,2) -> 1 | I24: =RANDBETWEEN(0,2) -> 0 | J24: =RANDBETWEEN(0,2) -> 2 | K24: =RANDBETWEEN(0,2) -> 2 | L24: =RANDBETWEEN(0,2) -> 0 | M24: =SUM(N24:T24) -> 34 | N24: =RANDBETWEEN(0,10) -> 9 | O24: =RANDBETWEEN(0,10) -> 5 | P24: =RANDBETWEEN(0,10) -> 6 | Q24: =RANDBETWEEN(0,10) -> 2 | R24: =RANDBETWEEN(0,10) -> 1 | S24: =RANDBETWEEN(0,10) -> 1 | T24: =RANDBETWEEN(0,10) -> 10 | U24: =RANDBETWEEN(10,30) -> 23 | V24: =W24+X24+Y24 -> 4 | W24: =RANDBETWEEN(0,2) -> 1 | X24: =RANDBETWEEN(0,2) -> 2 | Y24: =RANDBETWEEN(0,2) -> 1 | Z24: =AA24+AB24 -> 3 | AA24: =RANDBETWEEN(0,2) -> 2 | AB24: =RANDBETWEEN(0,2) -> 1 | AC24: =RANDBETWEEN(0,2) -> 1 | AD24: =RANDBETWEEN(0,2) -> 2 | AE24: =RANDBETWEEN(0,2) -> 0 | AF24: =RANDBETWEEN(0,2) -> 0 | AG24: =SUM(AC24:AF24) -> 3 | AH24: =RANDBETWEEN(1,10) -> 4 | AI24: =RANDBETWEEN(1,10) -> 9 | AJ24: =RANDBETWEEN(1,10) -> 3 | AK24: =SUM(AH24:AJ24) -> 16 | AY24: =RANDBETWEEN(1,10)/10 -> 0.3 | AZ24: =RANDBETWEEN(1,10)/10 -> 0.7 | BA24: 0 | BB24: 0 | BC24: 1200 | BD24: 1200
A25: =A24 -> 46254 | B25: 17 АК | C25: =SUM(D25,F25) -> 0 | D25: =RANDBETWEEN(0,2) -> 0 | E25: =RANDBETWEEN(0,2) -> 2 | F25: =RANDBETWEEN(0,2) -> 0 | G25: =RANDBETWEEN(0,2) -> 0 | H25: =RANDBETWEEN(0,2) -> 2 | I25: =RANDBETWEEN(0,2) -> 1 | J25: =RANDBETWEEN(0,2) -> 0 | K25: =RANDBETWEEN(0,2) -> 1 | L25: =RANDBETWEEN(0,2) -> 1 | M25: =SUM(N25:T25) -> 40 | N25: =RANDBETWEEN(0,10) -> 8 | O25: =RANDBETWEEN(0,10) -> 6 | P25: =RANDBETWEEN(0,10) -> 2 | Q25: =RANDBETWEEN(0,10) -> 3 | R25: =RANDBETWEEN(0,10) -> 7 | S25: =RANDBETWEEN(0,10) -> 9 | T25: =RANDBETWEEN(0,10) -> 5 | U25: =RANDBETWEEN(10,30) -> 20 | V25: =W25+X25+Y25 -> 2 | W25: =RANDBETWEEN(0,2) -> 1 | X25: =RANDBETWEEN(0,2) -> 1 | Y25: =RANDBETWEEN(0,2) -> 0 | Z25: =AA25+AB25 -> 2 | AA25: =RANDBETWEEN(0,2) -> 1 | AB25: =RANDBETWEEN(0,2) -> 1 | AC25: =RANDBETWEEN(0,2) -> 0 | AD25: =RANDBETWEEN(0,2) -> 1 | AE25: =RANDBETWEEN(0,2) -> 1 | AF25: =RANDBETWEEN(0,2) -> 0 | AG25: =SUM(AC25:AF25) -> 2 | AH25: =RANDBETWEEN(1,10) -> 4 | AI25: =RANDBETWEEN(1,10) -> 10 | AJ25: =RANDBETWEEN(1,10) -> 1 | AK25: =SUM(AH25:AJ25) -> 15 | AY25: =RANDBETWEEN(1,10)/10 -> 0.3 | AZ25: =RANDBETWEEN(1,10)/10 -> 0.2 | BA25: 0 | BB25: 0 | BC25: 1200 | BD25: 1200
A26: =A25 -> 46254 | B26: 30 КМП | C26: =SUM(D26,F26) -> 1 | D26: =RANDBETWEEN(0,2) -> 1 | E26: =RANDBETWEEN(0,2) -> 0 | F26: =RANDBETWEEN(0,2) -> 0 | G26: =RANDBETWEEN(0,2) -> 0 | H26: =RANDBETWEEN(0,2) -> 2 | I26: =RANDBETWEEN(0,2) -> 1 | J26: =RANDBETWEEN(0,2) -> 2 | K26: =RANDBETWEEN(0,2) -> 2 | L26: =RANDBETWEEN(0,2) -> 1 | M26: =SUM(N26:T26) -> 49 | N26: =RANDBETWEEN(0,10) -> 7 | O26: =RANDBETWEEN(0,10) -> 8 | P26: =RANDBETWEEN(0,10) -> 9 | Q26: =RANDBETWEEN(0,10) -> 10 | R26: =RANDBETWEEN(0,10) -> 2 | S26: =RANDBETWEEN(0,10) -> 8 | T26: =RANDBETWEEN(0,10) -> 5 | U26: =RANDBETWEEN(10,30) -> 10 | V26: =W26+X26+Y26 -> 3 | W26: =RANDBETWEEN(0,2) -> 1 | X26: =RANDBETWEEN(0,2) -> 2 | Y26: =RANDBETWEEN(0,2) -> 0 | Z26: =AA26+AB26 -> 4 | AA26: =RANDBETWEEN(0,2) -> 2 | AB26: =RANDBETWEEN(0,2) -> 2 | AC26: =RANDBETWEEN(0,2) -> 1 | AD26: =RANDBETWEEN(0,2) -> 0 | AE26: =RANDBETWEEN(0,2) -> 1 | AF26: =RANDBETWEEN(0,2) -> 0 | AG26: =SUM(AC26:AF26) -> 2 | AH26: =RANDBETWEEN(1,10) -> 9 | AI26: =RANDBETWEEN(1,10) -> 4 | AJ26: =RANDBETWEEN(1,10) -> 9 | AK26: =SUM(AH26:AJ26) -> 22 | AY26: =RANDBETWEEN(1,10)/10 -> 0.3 | AZ26: =RANDBETWEEN(1,10)/10 -> 0.1 | BA26: 0 | BB26: 0 | BC26: 1200 | BD26: 1200
A27: =A26 -> 46254 | B27: ОТУ "Одеса" | C27: =SUM(D27,F27) -> 1 | D27: =RANDBETWEEN(0,2) -> 1 | E27: =RANDBETWEEN(0,2) -> 2 | F27: =RANDBETWEEN(0,2) -> 0 | G27: =RANDBETWEEN(0,2) -> 1 | H27: =RANDBETWEEN(0,2) -> 0 | I27: =RANDBETWEEN(0,2) -> 2 | J27: =RANDBETWEEN(0,2) -> 2 | K27: =RANDBETWEEN(0,2) -> 1 | L27: =RANDBETWEEN(0,2) -> 2 | M27: =SUM(N27:T27) -> 29 | N27: =RANDBETWEEN(0,10) -> 0 | O27: =RANDBETWEEN(0,10) -> 8 | P27: =RANDBETWEEN(0,10) -> 0 | Q27: =RANDBETWEEN(0,10) -> 4 | R27: =RANDBETWEEN(0,10) -> 4 | S27: =RANDBETWEEN(0,10) -> 9 | T27: =RANDBETWEEN(0,10) -> 4 | U27: =RANDBETWEEN(10,30) -> 14 | V27: =W27+X27+Y27 -> 2 | W27: =RANDBETWEEN(0,2) -> 1 | X27: =RANDBETWEEN(0,2) -> 1 | Y27: =RANDBETWEEN(0,2) -> 0 | Z27: =AA27+AB27 -> 1 | AA27: =RANDBETWEEN(0,2) -> 1 | AB27: =RANDBETWEEN(0,2) -> 0 | AC27: =RANDBETWEEN(0,2) -> 0 | AD27: =RANDBETWEEN(0,2) -> 1 | AE27: =RANDBETWEEN(0,2) -> 2 | AF27: =RANDBETWEEN(0,2) -> 1 | AG27: =SUM(AC27:AF27) -> 4 | AH27: =RANDBETWEEN(1,10) -> 6 | AI27: =RANDBETWEEN(1,10) -> 10 | AJ27: =RANDBETWEEN(1,10) -> 1 | AK27: =SUM(AH27:AJ27) -> 17 | AY27: =RANDBETWEEN(1,10)/10 -> 0.6 | AZ27: =RANDBETWEEN(1,10)/10 -> 0.8 | BA27: 0 | BB27: 0 | BC27: 1200 | BD27: 1200
A28: =A27 -> 46254 | B28: УВ (с) "Південь" | C28: =SUM(D28,F28) -> 6 | D28: =SUM(D23:D27) -> 4 | E28: =SUM(E23:E27) -> 6 | F28: =SUM(F23:F27) -> 2 | G28: =SUM(G23:G27) -> 2 | H28: =SUM(H23:H27) -> 7 | I28: =SUM(I23:I27) -> 6 | J28: =SUM(J23:J27) -> 6 | K28: =SUM(K23:K27) -> 7 | L28: =SUM(L23:L27) -> 6 | M28: =SUM(N28:T28) -> 188 | N28: =SUM(N23:N27) -> 24 | O28: =SUM(O23:O27) -> 37 | P28: =SUM(P23:P27) -> 23 | Q28: =SUM(Q23:Q27) -> 27 | R28: =SUM(R23:R27) -> 14 | S28: =SUM(S23:S27) -> 36 | T28: =SUM(T23:T27) -> 27 | U28: =SUM(U23:U27) -> 81 | V28: =W28+X28+Y28 -> 13 | W28: =SUM(W23:W27) -> 4 | X28: =SUM(X23:X27) -> 8 | Y28: =SUM(Y23:Y27) -> 1 | Z28: =SUM(AA28:AB28) -> 11 | AA28: =SUM(AA23:AA27) -> 7 | AB28: =SUM(AB23:AB27) -> 4 | AC28: =SUM(AC23:AC27) -> 3 | AD28: =SUM(AD23:AD27) -> 6 | AE28: =SUM(AE23:AE27) -> 6 | AF28: =SUM(AF23:AF27) -> 2 | AG28: =SUM(AC28:AF28) -> 17 | AH28: =SUM(AH23:AH27) -> 33 | AI28: =SUM(AI23:AI27) -> 40 | AJ28: =SUM(AJ23:AJ27) -> 19 | AK28: =SUM(AH28:AJ28) -> 92 | AY28: =SUM(AY23:AY27) -> 1.9 | AZ28: =SUM(AZ23:AZ27) -> 2.2 | BA28: =SUM(BA23:BA27) -> 0 | BB28: =SUM(BB23:BB27) -> 0 | BC28: =SUM(BC23:BC27) -> 6000 | BD28: =SUM(BD23:BD27) -> 6000 | BE28: =TEXTJOIN(", ",TRUE,BE23:BE27) | BF28: =TEXTJOIN(", ",TRUE,BF23:BF27)
A29: =A28 -> 46254 | B29: ВСЬОГО за СО: | C29: =SUM(C3+C4+C5+C9,C8,C15,C22,C28) -> 49 | D29: =SUM(D3+D4+D5+D9,D8,D15,D22,D28) -> 30 | E29: =SUM(E3+E4+E5+E9,E8,E15,E22,E28) -> 16 | F29: =SUM(F3+F4+F5+F9,F8,F15,F22,F28) -> 19 | G29: =SUM(G3+G4+G5+G9,G8,G15,G22,G28) -> 18 | H29: =SUM(H3+H4+H5+H9,H8,H15,H22,H28) -> 20 | I29: =SUM(I3+I4+I5+I9,I8,I15,I22,I28) -> 20 | J29: =SUM(J3+J4+J5+J9,J8,J15,J22,J28) -> 22 | ... AK29: =SUM(AK3+AK4+AK5+AK9,AK8,AK15,AK22,AK28) -> 341 | AY29: =SUM(AY3+AY4+AY5+AY9,AY8,AY15,AY22,AY28) -> 17.1 | AZ29: =SUM(AZ3+AZ4+AZ5+AZ9,AZ8,AZ15,AZ22,AZ28) -> 19.86 | BA29: =SUM(BA3+BA4+BA5+BA9,BA8,BA15,BA22,BA28) -> 5 | BB29: =SUM(BB3+BB4+BB5+BB9,BB8,BB15,BB22,BB28) -> 3 | BC29: =SUM(BC3+BC4+BC5+BC9,BC8,BC15,BC22,BC28) -> 26400 | BD29: =SUM(BD3+BD4+BD5+BD9,BD8,BD15,BD22,BD28) -> 26400 | BE29: =TEXTJOIN(", ",TRUE,BE28,BE22,BE15,BE9,BE8,BE5,BE4,BE3) -> Олександівка, Пантелеймонівка, Миколаївка, Курськ, Рильск | BF29: =TEXTJOIN(", ",TRUE,BF28,BF22,BF15,BF9,BF8,BF5,BF4,BF3) -> Загреблі, Верхні води, Ступочки
A30: =A29+1 -> 46255
A31: =A30 -> 46255 | B31: УСБпС | C31: =SUM(D31,F31) -> 1 | D31: =RANDBETWEEN(0,2) -> 1 | E31: =RANDBETWEEN(0,2) -> 0 | F31: =RANDBETWEEN(0,2) -> 0 | G31: =RANDBETWEEN(0,2) -> 0 | H31: =RANDBETWEEN(0,2) -> 2 | I31: =RANDBETWEEN(0,2) -> 1 | J31: =RANDBETWEEN(0,2) -> 2 | K31: =RANDBETWEEN(0,2) -> 2 | L31: =RANDBETWEEN(0,2) -> 1 | M31: =SUM(N31:T31) -> 30 | N31: =RANDBETWEEN(0,10) -> 3 | O31: =RANDBETWEEN(0,10) -> 10 | P31: =RANDBETWEEN(0,10) -> 7 | Q31: =RANDBETWEEN(0,10) -> 1 | R31: =RANDBETWEEN(0,10) -> 2 | S31: =RANDBETWEEN(0,10) -> 0 | T31: =RANDBETWEEN(0,10) -> 7 | U31: =RANDBETWEEN(10,30) -> 18 | V31: =SUM(W31:Y31) -> 4 | W31: =RANDBETWEEN(0,2) -> 2 | X31: =RANDBETWEEN(0,2) -> 1 | Y31: =RANDBETWEEN(0,2) -> 1 | Z31: =AA31+AB31 -> 1 | AA31: =RANDBETWEEN(0,2) -> 0 | AB31: =RANDBETWEEN(0,2) -> 1 | AC31: =RANDBETWEEN(0,2) -> 2 | AD31: =RANDBETWEEN(0,2) -> 2 | AE31: =RANDBETWEEN(0,2) -> 1 | AF31: =RANDBETWEEN(0,2) -> 2 | AG31: =SUM(AC31:AF31) -> 7 | AH31: =RANDBETWEEN(1,10) -> 2 | AI31: =RANDBETWEEN(1,10) -> 7 | AJ31: =RANDBETWEEN(1,10) -> 7 | AK31: =SUM(AH31:AJ31) -> 16 | AY31: =RANDBETWEEN(1,10)/10 -> 0.8 | AZ31: =RANDBETWEEN(1,10)/10 -> 0.7 | BA31: 0 | BB31: 0 | BC31: =SUM(BC3,'ГОЧ'!$AY31) -> 1200.8 | BD31: =SUM(BD3,'ГОЧ'!$AZ31) -> 1200.7
A32: =A31 -> 46255 | B32: УВ (с) "Захід" | C32: =SUM(D32,F32) -> 0 | D32: =RANDBETWEEN(0,2) -> 0 | E32: =RANDBETWEEN(0,2) -> 0 | F32: =RANDBETWEEN(0,2) -> 0 | G32: =RANDBETWEEN(0,2) -> 2 | H32: =RANDBETWEEN(0,2) -> 1 | I32: =RANDBETWEEN(0,2) -> 1 | J32: =RANDBETWEEN(0,2) -> 0 | K32: =RANDBETWEEN(0,2) -> 2 | L32: =RANDBETWEEN(0,2) -> 1 | M32: =SUM(N32:T32) -> 40 | N32: =RANDBETWEEN(0,10) -> 4 | O32: =RANDBETWEEN(0,10) -> 1 | P32: =RANDBETWEEN(0,10) -> 5 | Q32: =RANDBETWEEN(0,10) -> 10 | R32: =RANDBETWEEN(0,10) -> 5 | S32: =RANDBETWEEN(0,10) -> 6 | T32: =RANDBETWEEN(0,10) -> 9 | U32: =RANDBETWEEN(10,30) -> 13 | V32: =SUM(W32:Y32) -> 4 | W32: =RANDBETWEEN(0,2) -> 1 | X32: =RANDBETWEEN(0,2) -> 2 | Y32: =RANDBETWEEN(0,2) -> 1 | Z32: =AA32+AB32 -> 1 | AA32: =RANDBETWEEN(0,2) -> 1 | AB32: =RANDBETWEEN(0,2) -> 0 | AC32: =RANDBETWEEN(0,2) -> 0 | AD32: =RANDBETWEEN(0,2) -> 1 | AE32: =RANDBETWEEN(0,2) -> 1 | AF32: =RANDBETWEEN(0,2) -> 2 | AG32: =SUM(AC32:AF32) -> 4 | AH32: =RANDBETWEEN(1,10) -> 9 | AI32: =RANDBETWEEN(1,10) -> 8 | AJ32: =RANDBETWEEN(1,10) -> 1 | AK32: =SUM(AH32:AJ32) -> 18 | AY32: =RANDBETWEEN(1,10)/10 -> 0.4 | AZ32: =RANDBETWEEN(1,10)/10 -> 1 | BA32: 0 | BB32: 0 | BC32: =SUM(BC4,'ГОЧ'!$AY32) -> 1200.4 | BD32: =SUM(BD4,'ГОЧ'!$AZ32) -> 1201
A33: =A32 -> 46255 | B33: 12 АК | C33: =SUM(D33,F33) -> 0 | D33: 0 | E33: 0 | F33: 0 | G33: 0 | H33: 0 | I33: 0 | J33: 0 | K33: 0 | L33: 0 | M33: =SUM(N33:T33) -> 0 | N33: 0 | O33: 0 | P33: 0 | Q33: 0 | R33: 0 | S33: 0 | T33: 0 | U33: 0 | V33: =SUM(W33:Y33) -> 0 | W33: 0 | X33: 0 | Y33: 0 | Z33: =AA33+AB33 -> 0 | AA33: 0 | AB33: 0 | AC33: 0 | AD33: 0 | AE33: 0 | AF33: 0 | AG33: =SUM(AC33:AF33) -> 0 | AH33: 0 | AI33: 0 | AJ33: 0 | AK33: =SUM(AH33:AJ33) -> 0 | AY33: =SUM(AY31:AY32) -> 1.2 | AZ33: =SUM(AZ31:AZ32) -> 1.7 | BA33: =SUM(BA31:BA32) -> 0 | BB33: =SUM(BB31:BB32) -> 0 | BC33: =SUM(BC31:BC32) -> 2401.2 | BD33: =SUM(BD31:BD32) -> 2401.7
A34: =A33 -> 46255 | B34: 15 АК | C34: =SUM(D34,F34) -> 1 | D34: =RANDBETWEEN(0,2) -> 1 | E34: =RANDBETWEEN(0,2) -> 2 | F34: =RANDBETWEEN(0,2) -> 0 | G34: =RANDBETWEEN(0,2) -> 0 | H34: =RANDBETWEEN(0,2) -> 1 | I34: =RANDBETWEEN(0,2) -> 1 | J34: =RANDBETWEEN(0,2) -> 1 | K34: =RANDBETWEEN(0,2) -> 1 | L34: =RANDBETWEEN(0,2) -> 0 | M34: =SUM(N34:T34) -> 33 | N34: =RANDBETWEEN(0,10) -> 5 | O34: =RANDBETWEEN(0,10) -> 7 | P34: =RANDBETWEEN(0,10) -> 3 | Q34: =RANDBETWEEN(0,10) -> 8 | R34: =RANDBETWEEN(0,10) -> 2 | S34: =RANDBETWEEN(0,10) -> 6 | T34: =RANDBETWEEN(0,10) -> 2 | U34: =RANDBETWEEN(10,30) -> 20 | V34: =SUM(W34:Y34) -> 3 | W34: =RANDBETWEEN(0,2) -> 1 | X34: =RANDBETWEEN(0,2) -> 1 | Y34: =RANDBETWEEN(0,2) -> 1 | Z34: =SUM(AA34:AB34) -> 3 | AA34: =RANDBETWEEN(0,2) -> 1 | AB34: =RANDBETWEEN(0,2) -> 2 | AC34: =RANDBETWEEN(0,2) -> 1 | AD34: =RANDBETWEEN(0,2) -> 1 | AE34: =RANDBETWEEN(0,2) -> 2 | AF34: =RANDBETWEEN(0,2) -> 2 | AG34: =SUM(AC34:AF34) -> 6 | AH34: =RANDBETWEEN(1,10) -> 9 | AI34: =RANDBETWEEN(1,10) -> 1 | AJ34: =RANDBETWEEN(1,10) -> 4 | AK34: =SUM(AH34:AJ34) -> 14 | AY34: =RANDBETWEEN(1,10)/10 -> 0.5 | AZ34: =RANDBETWEEN(1,10)/10 -> 0.2 | BA34: 0 | BB34: 0 | BC34: =SUM(BC6,'ГОЧ'!$AY34) -> 1200.5 | BD34: =SUM(BD6,'ГОЧ'!$AZ34) -> 1200.2
A35: =A34 -> 46255 | B35: 18 АК | C35: =SUM(D35,F35) -> 1 | D35: =RANDBETWEEN(0,2) -> 0 | E35: =RANDBETWEEN(0,2) -> 1 | F35: =RANDBETWEEN(0,2) -> 1 | G35: =RANDBETWEEN(0,2) -> 2 | H35: =RANDBETWEEN(0,2) -> 2 | I35: =RANDBETWEEN(0,2) -> 1 | J35: =RANDBETWEEN(0,2) -> 1 | K35: =RANDBETWEEN(0,2) -> 2 | L35: =RANDBETWEEN(0,2) -> 2 | M35: =SUM(N35:T35) -> 39 | N35: =RANDBETWEEN(0,10) -> 6 | O35: =RANDBETWEEN(0,10) -> 5 | P35: =RANDBETWEEN(0,10) -> 5 | Q35: =RANDBETWEEN(0,10) -> 10 | R35: =RANDBETWEEN(0,10) -> 8 | S35: =RANDBETWEEN(0,10) -> 2 | T35: =RANDBETWEEN(0,10) -> 3 | U35: =RANDBETWEEN(10,30) -> 30 | V35: =SUM(W35:Y35) -> 2 | W35: =RANDBETWEEN(0,2) -> 2 | X35: =RANDBETWEEN(0,2) -> 0 | Y35: =RANDBETWEEN(0,2) -> 0 | Z35: =SUM(AA35:AB35) -> 2 | AA35: =RANDBETWEEN(0,2) -> 2 | AB35: =RANDBETWEEN(0,2) -> 0 | AC35: =RANDBETWEEN(0,2) -> 1 | AD35: =RANDBETWEEN(0,2) -> 1 | AE35: =RANDBETWEEN(0,2) -> 2 | AF35: =RANDBETWEEN(0,2) -> 1 | AG35: =SUM(AC35:AF35) -> 5 | AH35: =RANDBETWEEN(1,10) -> 5 | AI35: =RANDBETWEEN(1,10) -> 6 | AJ35: =RANDBETWEEN(1,10) -> 4 | AK35: =SUM(AH35:AJ35) -> 15 | AY35: =RANDBETWEEN(1,10)/10 -> 0.3 | AZ35: =RANDBETWEEN(1,10)/10 -> 0.7 | BA35: 0 | BB35: 0 | BC35: =SUM(BC7,'ГОЧ'!$AY35) -> 1200.3 | BD35: =SUM(BD7,'ГОЧ'!$AZ35) -> 1200.7
A36: =A35 -> 46255 | B36: УВ (с) "Північ" | C36: =SUM(D36,F36) -> 2 | D36: =SUM(D34:D35) -> 1 | E36: =SUM(E34:E35) -> 3 | F36: =SUM(F34:F35) -> 1 | G36: =SUM(G34:G35) -> 2 | H36: =SUM(H34:H35) -> 3 | I36: =SUM(I34:I35) -> 2 | J36: =SUM(J34:J35) -> 2 | K36: =SUM(K34:K35) -> 3 | L36: =SUM(L34:L35) -> 2 | M36: =SUM(N36:T36) -> 62 | N36: =SUM(N34:N35) -> 11 | O36: =SUM(O34:O35) -> 12 | P36: =SUM(P34:P35) -> 8 | Q36: =SUM(Q34:Q35) -> 18 | R36: 0 | S36: =SUM(S34:S35) -> 8 | T36: =SUM(T34:T35) -> 5 | U36: =SUM(U34:U35) -> 50 | V36: =SUM(W36:Y36) -> 5 | W36: =SUM(W34:W35) -> 3 | X36: =SUM(X34:X35) -> 1 | Y36: =SUM(Y34:Y35) -> 1 | Z36: =SUM(AA36:AB36) -> 5 | AA36: =SUM(AA34:AA35) -> 3 | AB36: =SUM(AB34:AB35) -> 2 | AC36: =SUM(AC34:AC35) -> 2 | AD36: =SUM(AD34:AD35) -> 2 | AE36: =SUM(AE34:AE35) -> 4 | AF36: =SUM(AF34:AF35) -> 3 | AG36: =SUM(AC36:AF36) -> 11 | AH36: =SUM(AH34:AH35) -> 14 | AI36: =SUM(AI34:AI35) -> 7 | AJ36: =SUM(AJ34:AJ35) -> 8 | AK36: =SUM(AH36:AJ36) -> 29 | AY36: =SUM(AY34:AY35) -> 0.8 | AZ36: =SUM(AZ34:AZ35) -> 0.9 | BA36: =SUM(BA34:BA35) -> 0 | BB36: =SUM(BB34:BB35) -> 0 | BC36: =SUM(BC34:BC35) -> 2400.8 | BD36: =SUM(BD34:BD35) -> 2400.9 | BE36: =TEXTJOIN(", ",TRUE,BE34:BE35) | BF36: =TEXTJOIN(", ",TRUE,BF34:BF35)
A37: =A36 -> 46255 | B37: УВ "Курськ" | C37: =SUM(D37,F37) -> 5 | D37: 3 | E37: 0 | F37: 2 | G37: 2 | H37: 0 | I37: 0 | J37: 1 | K37: 1 | L37: 0 | M37: =SUM(N37:T37) -> 38 | N37: 0 | O37: 0 | P37: 0 | Q37: 9 | R37: 0 | S37: 0 | T37: 29 | U37: 7 | V37: =W37+X37+Y37 -> 0 | W37: 0 | X37: 0 | Y37: 0 | Z37: =SUM(AA37:AB37) -> 0 | AA37: 0 | AB37: 0 | AC37: 0 | AD37: 1 | AE37: 0 | AF37: 0 | AG37: =SUM(AC37:AF37) -> 1 | AH37: 6 | AI37: 5 | AJ37: 0 | AK37: =SUM(AH37:AJ37) -> 11 | AY37: =RANDBETWEEN(1,10) -> 5 | AZ37: =RANDBETWEEN(1,10) -> 2 | BA37: 2 | BB37: 0 | BC37: 1 | BD37: 2 | BE37: Курськ, Рильск
A38: =A37 -> 46255 | B38: 14 АК | C38: =SUM(D38,F38) -> 1 | D38: =RANDBETWEEN(0,2) -> 1 | E38: =RANDBETWEEN(0,2) -> 2 | F38: =RANDBETWEEN(0,2) -> 0 | G38: =RANDBETWEEN(0,2) -> 0 | H38: =RANDBETWEEN(0,2) -> 1 | I38: =RANDBETWEEN(0,2) -> 1 | J38: =RANDBETWEEN(0,2) -> 1 | K38: =RANDBETWEEN(0,2) -> 1 | L38: =RANDBETWEEN(0,2) -> 1 | M38: =SUM(N38:T38) -> 42 | N38: =RANDBETWEEN(0,10) -> 9 | O38: =RANDBETWEEN(0,10) -> 9 | P38: =RANDBETWEEN(0,10) -> 4 | Q38: =RANDBETWEEN(0,10) -> 4 | R38: =RANDBETWEEN(0,10) -> 5 | S38: =RANDBETWEEN(0,10) -> 2 | T38: =RANDBETWEEN(0,10) -> 9 | U38: =RANDBETWEEN(10,30) -> 28 | V38: =W38+X38+Y38 -> 3 | W38: =RANDBETWEEN(0,2) -> 1 | X38: =RANDBETWEEN(0,2) -> 1 | Y38: =RANDBETWEEN(0,2) -> 1 | Z38: =AA38+AB38 -> 4 | AA38: =RANDBETWEEN(0,2) -> 2 | AB38: =RANDBETWEEN(0,2) -> 2 | AC38: =RANDBETWEEN(0,2) -> 0 | AD38: =RANDBETWEEN(0,2) -> 2 | AE38: =RANDBETWEEN(0,2) -> 2 | AF38: =RANDBETWEEN(0,2) -> 1 | AG38: =SUM(AC38:AF38) -> 5 | AH38: =RANDBETWEEN(1,10) -> 7 | AI38: =RANDBETWEEN(1,10) -> 3 | AJ38: =RANDBETWEEN(1,10) -> 8 | AK38: =SUM(AH38:AJ38) -> 18 | AY38: =RANDBETWEEN(1,10)/10 -> 0.9 | AZ38: =RANDBETWEEN(1,10)/10 -> 0.7 | BA38: 1 | BB38: 0 | BC38: =SUM(BC10,'ГОЧ'!$AY38) -> 1200.9 | BD38: =SUM(BD10,'ГОЧ'!$AZ38) -> 1200.7 | BE38: Олександівка
A39: =A38 -> 46255 | B39: 2 КНГУ "Хартія" | C39: =SUM(D39,F39) -> 4 | D39: =RANDBETWEEN(0,2) -> 2 | E39: =RANDBETWEEN(0,2) -> 1 | F39: =RANDBETWEEN(0,2) -> 2 | G39: =RANDBETWEEN(0,2) -> 1 | H39: =RANDBETWEEN(0,2) -> 2 | I39: =RANDBETWEEN(0,2) -> 2 | J39: =RANDBETWEEN(0,2) -> 2 | K39: =RANDBETWEEN(0,2) -> 0 | L39: =RANDBETWEEN(0,2) -> 2 | M39: =SUM(N39:T39) -> 38 | N39: =RANDBETWEEN(0,10) -> 10 | O39: =RANDBETWEEN(0,10) -> 5 | P39: =RANDBETWEEN(0,10) -> 4 | Q39: =RANDBETWEEN(0,10) -> 7 | R39: =RANDBETWEEN(0,10) -> 1 | S39: =RANDBETWEEN(0,10) -> 7 | T39: =RANDBETWEEN(0,10) -> 4 | U39: =RANDBETWEEN(10,30) -> 16 | V39: =W39+X39+Y39 -> 3 | W39: =RANDBETWEEN(0,2) -> 0 | X39: =RANDBETWEEN(0,2) -> 2 | Y39: =RANDBETWEEN(0,2) -> 1 | Z39: =AA39+AB39 -> 3 | AA39: =RANDBETWEEN(0,2) -> 1 | AB39: =RANDBETWEEN(0,2) -> 2 | AC39: =RANDBETWEEN(0,2) -> 0 | AD39: =RANDBETWEEN(0,2) -> 2 | AE39: =RANDBETWEEN(0,2) -> 1 | AF39: =RANDBETWEEN(0,2) -> 0 | AG39: =SUM(AC39:AF39) -> 3 | AH39: =RANDBETWEEN(1,10) -> 8 | AI39: =RANDBETWEEN(1,10) -> 10 | AJ39: =RANDBETWEEN(1,10) -> 8 | AK39: =SUM(AH39:AJ39) -> 26 | AY39: =RANDBETWEEN(1,10)/10 -> 0.8 | AZ39: =RANDBETWEEN(1,10)/10 -> 0.5 | BA39: 1 | BB39: 2 | BC39: =SUM(BC11,'ГОЧ'!$AY39) -> 1200.8 | BD39: =SUM(BD11,'ГОЧ'!$AZ39) -> 1200.5 | BE39: Пантелеймонівка | BF39: Загреблі, Верхні води
A40: =A39 -> 46255 | B40: 16 АК | C40: =SUM(D40,F40) -> 2 | D40: =RANDBETWEEN(0,2) -> 0 | E40: =RANDBETWEEN(0,2) -> 0 | F40: =RANDBETWEEN(0,2) -> 2 | G40: =RANDBETWEEN(0,2) -> 2 | H40: =RANDBETWEEN(0,2) -> 2 | I40: =RANDBETWEEN(0,2) -> 1 | J40: =RANDBETWEEN(0,2) -> 2 | K40: =RANDBETWEEN(0,2) -> 1 | L40: =RANDBETWEEN(0,2) -> 0 | M40: =SUM(N40:T40) -> 39 | N40: =RANDBETWEEN(0,10) -> 0 | O40: =RANDBETWEEN(0,10) -> 4 | P40: =RANDBETWEEN(0,10) -> 7 | Q40: =RANDBETWEEN(0,10) -> 7 | R40: =RANDBETWEEN(0,10) -> 7 | S40: =RANDBETWEEN(0,10) -> 10 | T40: =RANDBETWEEN(0,10) -> 4 | U40: =RANDBETWEEN(10,30) -> 11 | V40: =W40+X40+Y40 -> 2 | W40: =RANDBETWEEN(0,2) -> 0 | X40: =RANDBETWEEN(0,2) -> 0 | Y40: =RANDBETWEEN(0,2) -> 2 | Z40: =AA40+AB40 -> 2 | AA40: =RANDBETWEEN(0,2) -> 1 | AB40: =RANDBETWEEN(0,2) -> 1 | AC40: =RANDBETWEEN(0,2) -> 1 | AD40: =RANDBETWEEN(0,2) -> 2 | AE40: =RANDBETWEEN(0,2) -> 1 | AF40: =RANDBETWEEN(0,2) -> 2 | AG40: =SUM(AC40:AF40) -> 6 | AH40: =RANDBETWEEN(1,10) -> 6 | AI40: =RANDBETWEEN(1,10) -> 6 | AJ40: =RANDBETWEEN(1,10) -> 7 | AK40: =SUM(AH40:AJ40) -> 19 | AY40: =RANDBETWEEN(1,10)/10 -> 0.2 | AZ40: =RANDBETWEEN(1,10)/10 -> 0.3 | BA40: 0 | BB40: 0 | BC40: =SUM(BC12,'ГОЧ'!$AY40) -> 1200.2 | BD40: =SUM(BD12,'ГОЧ'!$AZ40) -> 1200.3
A41: =A40 -> 46255 | B41: 10 АК | C41: =SUM(D41,F41) -> 0 | D41: =RANDBETWEEN(0,2) -> 0 | E41: =RANDBETWEEN(0,2) -> 0 | F41: =RANDBETWEEN(0,2) -> 0 | G41: =RANDBETWEEN(0,2) -> 0 | H41: =RANDBETWEEN(0,2) -> 2 | I41: =RANDBETWEEN(0,2) -> 0 | J41: =RANDBETWEEN(0,2) -> 0 | K41: =RANDBETWEEN(0,2) -> 1 | L41: =RANDBETWEEN(0,2) -> 2 | M41: =SUM(N41:T41) -> 34 | N41: =RANDBETWEEN(0,10) -> 9 | O41: =RANDBETWEEN(0,10) -> 2 | P41: =RANDBETWEEN(0,10) -> 2 | Q41: =RANDBETWEEN(0,10) -> 2 | R41: =RANDBETWEEN(0,10) -> 8 | S41: =RANDBETWEEN(0,10) -> 8 | T41: =RANDBETWEEN(0,10) -> 3 | U41: =RANDBETWEEN(10,30) -> 16 | V41: =W41+X41+Y41 -> 3 | W41: =RANDBETWEEN(0,2) -> 1 | X41: =RANDBETWEEN(0,2) -> 2 | Y41: =RANDBETWEEN(0,2) -> 0 | Z41: =AA41+AB41 -> 2 | AA41: =RANDBETWEEN(0,2) -> 1 | AB41: =RANDBETWEEN(0,2) -> 1 | AC41: =RANDBETWEEN(0,2) -> 2 | AD41: =RANDBETWEEN(0,2) -> 1 | AE41: =RANDBETWEEN(0,2) -> 1 | AF41: =RANDBETWEEN(0,2) -> 0 | AG41: =SUM(AC41:AF41) -> 4 | AH41: =RANDBETWEEN(1,10) -> 8 | AI41: =RANDBETWEEN(1,10) -> 8 | AJ41: =RANDBETWEEN(1,10) -> 1 | AK41: =SUM(AH41:AJ41) -> 17 | AY41: =RANDBETWEEN(1,10)/10 -> 0.9 | AZ41: =RANDBETWEEN(1,10)/10 -> 0.6 | BA41: 1 | BB41: 0 | BC41: =SUM(BC13,'ГОЧ'!$AY41) -> 1200.9 | BD41: =SUM(BD13,'ГОЧ'!$AZ41) -> 1200.6 | BE41: Миколаївка
A42: =A41 -> 46255 | B42: 3 АК | C42: =SUM(D42,F42) -> 3 | D42: =RANDBETWEEN(0,2) -> 2 | E42: =RANDBETWEEN(0,2) -> 0 | F42: =RANDBETWEEN(0,2) -> 1 | G42: =RANDBETWEEN(0,2) -> 2 | H42: =RANDBETWEEN(0,2) -> 1 | I42: =RANDBETWEEN(0,2) -> 1 | J42: =RANDBETWEEN(0,2) -> 1 | K42: =RANDBETWEEN(0,2) -> 1 | L42: =RANDBETWEEN(0,2) -> 1 | M42: =SUM(N42:T42) -> 41 | N42: =RANDBETWEEN(0,10) -> 4 | O42: =RANDBETWEEN(0,10) -> 6 | P42: =RANDBETWEEN(0,10) -> 2 | Q42: =RANDBETWEEN(0,10) -> 8 | R42: =RANDBETWEEN(0,10) -> 7 | S42: =RANDBETWEEN(0,10) -> 7 | T42: =RANDBETWEEN(0,10) -> 7 | U42: =RANDBETWEEN(10,30) -> 14 | V42: =W42+X42+Y42 -> 4 | W42: =RANDBETWEEN(0,2) -> 0 | X42: =RANDBETWEEN(0,2) -> 2 | Y42: =RANDBETWEEN(0,2) -> 2 | Z42: =AA42+AB42 -> 4 | AA42: =RANDBETWEEN(0,2) -> 2 | AB42: =RANDBETWEEN(0,2) -> 2 | AC42: =RANDBETWEEN(0,2) -> 1 | AD42: =RANDBETWEEN(0,2) -> 2 | AE42: =RANDBETWEEN(0,2) -> 2 | AF42: =RANDBETWEEN(0,2) -> 2 | AG42: =SUM(AC42:AF42) -> 7 | AH42: =RANDBETWEEN(1,10) -> 1 | AI42: =RANDBETWEEN(1,10) -> 4 | AJ42: =RANDBETWEEN(1,10) -> 6 | AK42: =SUM(AH42:AJ42) -> 11 | AY42: =RANDBETWEEN(1,10)/10 -> 0.2 | AZ42: =RANDBETWEEN(1,10)/10 -> 0.2 | BA42: 0 | BB42: 1 | BC42: =SUM(BC14,'ГОЧ'!$AY42) -> 1200.2 | BD42: =SUM(BD14,'ГОЧ'!$AZ42) -> 1200.2 | BF42: Ступочки
A43: =A42 -> 46255 | B43: УОС | C43: =SUM(D43,F43) -> 10 | D43: =D38+D39+D40+D41+D42 -> 5 | E43: =E38+E39+E40+E41+E42 -> 3 | F43: =F38+F39+F40+F41+F42 -> 5 | G43: =G38+G39+G40+G41+G42 -> 5 | H43: =H38+H39+H40+H41+H42 -> 8 | I43: =I38+I39+I40+I41+I42 -> 5 | J43: =J38+J39+J40+J41+J42 -> 6 | K43: =K38+K39+K40+K41+K42 -> 4 | L43: =L38+L39+L40+L41+L42 -> 6 | M43: =SUM(N43:T43) -> 194 | N43: =N38+N39+N40+N41+N42 -> 32 | O43: =O38+O39+O40+O41+O42 -> 26 | P43: =P38+P39+P40+P41+P42 -> 19 | Q43: =Q38+Q39+Q40+Q41+Q42 -> 28 | R43: =R38+R39+R40+R41+R42 -> 28 | S43: =S38+S39+S40+S41+S42 -> 34 | T43: =T38+T39+T40+T41+T42 -> 27 | U43: =U38+U39+U40+U41+U42 -> 85 | V43: =W43+X43+Y43 -> 15 | W43: =W38+W39+W40+W41+W42 -> 2 | X43: =X38+X39+X40+X41+X42 -> 7 | Y43: =Y38+Y39+Y40+Y41+Y42 -> 6 | Z43: =AA43+AB43 -> 15 | AA43: =AA38+AA39+AA40+AA41+AA42 -> 7 | AB43: =AB38+AB39+AB40+AB41+AB42 -> 8 | AC43: =AC38+AC39+AC40+AC41+AC42 -> 4 | AD43: =AE38+AD39+AD40+AD41+AD42 -> 9 | AE43: =AE38+AE39+AE40+AE41+AE42 -> 7 | AF43: =AF38+AF39+AF40+AF41+AF42 -> 5 | AG43: =SUM(AC43:AF43) -> 25 | AH43: =AH38+AH39+AH40+AH41+AH42 -> 30 | AI43: =AI38+AI39+AI40+AI41+AI42 -> 31 | AJ43: =AJ38+AJ39+AJ40+AJ41+AJ42 -> 30 | AK43: =SUM(AH43:AJ43) -> 91 | AY43: =AY38+AY39+AY40+AY41+AY42 -> 3 | AZ43: =AZ38+AZ39+AZ40+AZ41+AZ42 -> 2.3 | BA43: =BA38+BA39+BA40+BA41+BA42 -> 3 | BB43: =BB38+BB39+BB40+BB41+BB42 -> 3 | BC43: =BC38+BC39+BC40+BC41+BC42 -> 6003 | BD43: =BD38+BD39+BD40+BD41+BD42 -> 6002.3 | BE43: =TEXTJOIN(", ",TRUE,BE38:BE42) -> Олександівка, Пантелеймонівка, Миколаївка | BF43: =TEXTJOIN(", ",TRUE,BF38:BF42) -> Загреблі, Верхні води, Ступочки
A44: =A43 -> 46255 | B44: 11 АК | C44: =SUM(D44,F44) -> 1 | D44: =RANDBETWEEN(0,2) -> 0 | E44: =RANDBETWEEN(0,2) -> 1 | F44: =RANDBETWEEN(0,2) -> 1 | G44: =RANDBETWEEN(0,2) -> 1 | H44: =RANDBETWEEN(0,2) -> 2 | I44: =RANDBETWEEN(0,2) -> 2 | J44: =RANDBETWEEN(0,2) -> 0 | K44: =RANDBETWEEN(0,2) -> 1 | L44: =RANDBETWEEN(0,2) -> 1 | M44: =SUM(N44:T44) -> 35 | N44: =RANDBETWEEN(0,10) -> 1 | O44: =RANDBETWEEN(0,10) -> 5 | P44: =RANDBETWEEN(0,10) -> 8 | Q44: =RANDBETWEEN(0,10) -> 2 | R44: =RANDBETWEEN(0,10) -> 5 | S44: =RANDBETWEEN(0,10) -> 5 | T44: =RANDBETWEEN(0,10) -> 9 | U44: =RANDBETWEEN(10,30) -> 28 | V44: =W44+X44+Y44 -> 3 | W44: =RANDBETWEEN(0,2) -> 2 | X44: =RANDBETWEEN(0,2) -> 1 | Y44: =RANDBETWEEN(0,2) -> 0 | Z44: =AA44+AB44 -> 3 | AA44: =RANDBETWEEN(0,2) -> 2 | AB44: =RANDBETWEEN(0,2) -> 1 | AC44: =RANDBETWEEN(0,2) -> 1 | AD44: =RANDBETWEEN(0,2) -> 2 | AE44: =RANDBETWEEN(0,2) -> 0 | AF44: =RANDBETWEEN(0,2) -> 2 | AG44: =SUM(AC44:AF44) -> 5 | AH44: =RANDBETWEEN(1,10) -> 7 | AI44: =RANDBETWEEN(1,10) -> 7 | AJ44: =RANDBETWEEN(1,10) -> 2 | AK44: =SUM(AH44:AJ44) -> 16 | AY44: =RANDBETWEEN(1,10)/10 -> 0.2 | AZ44: =RANDBETWEEN(1,10)/10 -> 0.9 | BA44: 0 | BB44: 0 | BC44: =SUM(BC16,'ГОЧ'!$AY44) -> 1200.2 | BD44: =SUM(BD16,'ГОЧ'!$AZ44) -> 1200.9
A45: =A44 -> 46255 | B45: 19 АК | C45: =SUM(D45,F45) -> 1 | D45: =RANDBETWEEN(0,2) -> 0 | E45: =RANDBETWEEN(0,2) -> 0 | F45: =RANDBETWEEN(0,2) -> 1 | G45: =RANDBETWEEN(0,2) -> 1 | H45: =RANDBETWEEN(0,2) -> 0 | I45: =RANDBETWEEN(0,2) -> 1 | J45: =RANDBETWEEN(0,2) -> 1 | K45: =RANDBETWEEN(0,2) -> 1 | L45: =RANDBETWEEN(0,2) -> 2 | M45: =SUM(N45:T45) -> 42 | N45: =RANDBETWEEN(0,10) -> 6 | O45: =RANDBETWEEN(0,10) -> 9 | P45: =RANDBETWEEN(0,10) -> 2 | Q45: =RANDBETWEEN(0,10) -> 2 | R45: =RANDBETWEEN(0,10) -> 7 | S45: =RANDBETWEEN(0,10) -> 9 | T45: =RANDBETWEEN(0,10) -> 7 | U45: =RANDBETWEEN(10,30) -> 16 | V45: =W45+X45+Y45 -> 6 | W45: =RANDBETWEEN(0,2) -> 2 | X45: =RANDBETWEEN(0,2) -> 2 | Y45: =RANDBETWEEN(0,2) -> 2 | Z45: =AA45+AB45 -> 2 | AA45: =RANDBETWEEN(0,2) -> 2 | AB45: =RANDBETWEEN(0,2) -> 0 | AC45: =RANDBETWEEN(0,2) -> 1 | AD45: =RANDBETWEEN(0,2) -> 2 | AE45: =RANDBETWEEN(0,2) -> 1 | AF45: =RANDBETWEEN(0,2) -> 0 | AG45: =SUM(AC45:AF45) -> 4 | AH45: =RANDBETWEEN(1,10) -> 9 | AI45: =RANDBETWEEN(1,10) -> 2 | AJ45: =RANDBETWEEN(1,10) -> 8 | AK45: =SUM(AH45:AJ45) -> 19 | AY45: =RANDBETWEEN(1,10)/10 -> 0.9 | AZ45: =RANDBETWEEN(1,10)/10 -> 0.8 | BA45: 0 | BB45: 0 | BC45: =SUM(BC17,'ГОЧ'!$AY45) -> 1200.9 | BD45: =SUM(BD17,'ГОЧ'!$AZ45) -> 1200.8
A46: =A45 -> 46255 | B46: 1 КНГУ "Азов" | C46: =SUM(D46,F46) -> 2 | D46: =RANDBETWEEN(0,2) -> 1 | E46: =RANDBETWEEN(0,2) -> 1 | F46: =RANDBETWEEN(0,2) -> 1 | G46: =RANDBETWEEN(0,2) -> 2 | H46: =RANDBETWEEN(0,2) -> 0 | I46: =RANDBETWEEN(0,2) -> 2 | J46: =RANDBETWEEN(0,2) -> 2 | K46: =RANDBETWEEN(0,2) -> 0 | L46: =RANDBETWEEN(0,2) -> 0 | M46: =SUM(N46:T46) -> 28 | N46: =RANDBETWEEN(0,10) -> 7 | O46: =RANDBETWEEN(0,10) -> 2 | P46: =RANDBETWEEN(0,10) -> 2 | Q46: =RANDBETWEEN(0,10) -> 1 | R46: =RANDBETWEEN(0,10) -> 3 | S46: =RANDBETWEEN(0,10) -> 5 | T46: =RANDBETWEEN(0,10) -> 8 | U46: =RANDBETWEEN(10,30) -> 16 | V46: =W46+X46+Y46 -> 4 | W46: =RANDBETWEEN(0,2) -> 2 | X46: =RANDBETWEEN(0,2) -> 0 | Y46: =RANDBETWEEN(0,2) -> 2 | Z46: =AA46+AB46 -> 1 | AA46: =RANDBETWEEN(0,2) -> 0 | AB46: =RANDBETWEEN(0,2) -> 1 | AC46: =RANDBETWEEN(0,2) -> 0 | AD46: =RANDBETWEEN(0,2) -> 1 | AE46: =RANDBETWEEN(0,2) -> 2 | AF46: =RANDBETWEEN(0,2) -> 1 | AG46: =SUM(AC46:AF46) -> 4 | AH46: =RANDBETWEEN(1,10) -> 5 | AI46: =RANDBETWEEN(1,10) -> 4 | AJ46: =RANDBETWEEN(1,10) -> 4 | AK46: =SUM(AH46:AJ46) -> 13 | AY46: =RANDBETWEEN(1,10)/10 -> 0.7 | AZ46: =RANDBETWEEN(1,10)/10 -> 1 | BA46: 0 | BB46: 0 | BC46: =SUM(BC18,'ГОЧ'!$AY46) -> 1200.7 | BD46: =SUM(BD18,'ГОЧ'!$AZ46) -> 1201
A47: =A46 -> 46255 | B47: 7 КШР | C47: =SUM(D47,F47) -> 1 | D47: =RANDBETWEEN(0,2) -> 0 | E47: =RANDBETWEEN(0,2) -> 0 | F47: =RANDBETWEEN(0,2) -> 1 | G47: =RANDBETWEEN(0,2) -> 2 | H47: =RANDBETWEEN(0,2) -> 0 | I47: =RANDBETWEEN(0,2) -> 0 | J47: =RANDBETWEEN(0,2) -> 2 | K47: =RANDBETWEEN(0,2) -> 1 | L47: =RANDBETWEEN(0,2) -> 1 | M47: =SUM(N47:T47) -> 38 | N47: =RANDBETWEEN(0,10) -> 8 | O47: =RANDBETWEEN(0,10) -> 6 | P47: =RANDBETWEEN(0,10) -> 2 | Q47: =RANDBETWEEN(0,10) -> 4 | R47: =RANDBETWEEN(0,10) -> 7 | S47: =RANDBETWEEN(0,10) -> 10 | T47: =RANDBETWEEN(0,10) -> 1 | U47: =RANDBETWEEN(10,30) -> 18 | V47: =W47+X47+Y47 -> 0 | W47: =RANDBETWEEN(0,2) -> 0 | X47: =RANDBETWEEN(0,2) -> 0 | Y47: =RANDBETWEEN(0,2) -> 0 | Z47: =AA47+AB47 -> 1 | AA47: =RANDBETWEEN(0,2) -> 1 | AB47: =RANDBETWEEN(0,2) -> 0 | AC47: =RANDBETWEEN(0,2) -> 0 | AD47: =RANDBETWEEN(0,2) -> 2 | AE47: =RANDBETWEEN(0,2) -> 2 | AF47: =RANDBETWEEN(0,2) -> 2 | AG47: =SUM(AC47:AF47) -> 6 | AH47: =RANDBETWEEN(1,10) -> 9 | AI47: =RANDBETWEEN(1,10) -> 10 | AJ47: =RANDBETWEEN(1,10) -> 6 | AK47: =SUM(AH47:AJ47) -> 25 | AY47: =RANDBETWEEN(1,10)/10 -> 1 | AZ47: =RANDBETWEEN(1,10)/10 -> 0.6 | BA47: 0 | BB47: 0 | BC47: =SUM(BC19,'ГОЧ'!$AY47) -> 1201 | BD47: =SUM(BD19,'ГОЧ'!$AZ47) -> 1200.6
A48: =A47 -> 46255 | B48: Покровський н. | C48: =SUM(D48,F48) -> 3 | D48: =RANDBETWEEN(0,2) -> 2 | E48: =RANDBETWEEN(0,2) -> 1 | F48: =RANDBETWEEN(0,2) -> 1 | G48: =RANDBETWEEN(0,2) -> 2 | H48: =RANDBETWEEN(0,2) -> 0 | I48: =RANDBETWEEN(0,2) -> 2 | J48: =RANDBETWEEN(0,2) -> 1 | K48: =RANDBETWEEN(0,2) -> 2 | L48: =RANDBETWEEN(0,2) -> 2 | M48: =SUM(N48:T48) -> 34 | N48: =RANDBETWEEN(0,10) -> 2 | O48: =RANDBETWEEN(0,10) -> 3 | P48: =RANDBETWEEN(0,10) -> 5 | Q48: =RANDBETWEEN(0,10) -> 0 | R48: =RANDBETWEEN(0,10) -> 7 | S48: =RANDBETWEEN(0,10) -> 9 | T48: =RANDBETWEEN(0,10) -> 8 | U48: =RANDBETWEEN(10,30) -> 27 | V48: =W48+X48+Y48 -> 2 | W48: =RANDBETWEEN(0,2) -> 0 | X48: =RANDBETWEEN(0,2) -> 2 | Y48: =RANDBETWEEN(0,2) -> 0 | Z48: =AA48+AB48 -> 2 | AA48: =RANDBETWEEN(0,2) -> 0 | AB48: =RANDBETWEEN(0,2) -> 2 | AC48: =RANDBETWEEN(0,2) -> 0 | AD48: =RANDBETWEEN(0,2) -> 1 | AE48: =RANDBETWEEN(0,2) -> 2 | AF48: =RANDBETWEEN(0,2) -> 0 | AG48: =SUM(AC48:AF48) -> 3 | AH48: =RANDBETWEEN(1,10) -> 10 | AI48: =RANDBETWEEN(1,10) -> 10 | AJ48: =RANDBETWEEN(1,10) -> 5 | AK48: =SUM(AH48:AJ48) -> 25 | AY48: =RANDBETWEEN(1,10)/10 -> 0.7 | AZ48: =RANDBETWEEN(1,10)/10 -> 0.2 | BA48: 0 | BB48: 0 | BC48: =SUM(BC20,'ГОЧ'!$AY48) -> 1200.7 | BD48: =SUM(BD20,'ГОЧ'!$AZ48) -> 1200.2
A49: =A48 -> 46255 | B49: 9 АК | C49: =SUM(D49,F49) -> 2 | D49: =RANDBETWEEN(0,2) -> 0 | E49: =RANDBETWEEN(0,2) -> 0 | F49: =RANDBETWEEN(0,2) -> 2 | G49: =RANDBETWEEN(0,2) -> 0 | H49: =RANDBETWEEN(0,2) -> 2 | I49: =RANDBETWEEN(0,2) -> 0 | J49: =RANDBETWEEN(0,2) -> 0 | K49: =RANDBETWEEN(0,2) -> 0 | L49: =RANDBETWEEN(0,2) -> 2 | M49: =SUM(N49:T49) -> 29 | N49: =RANDBETWEEN(0,10) -> 6 | O49: =RANDBETWEEN(0,10) -> 0 | P49: =RANDBETWEEN(0,10) -> 0 | Q49: =RANDBETWEEN(0,10) -> 6 | R49: =RANDBETWEEN(0,10) -> 7 | S49: =RANDBETWEEN(0,10) -> 7 | T49: =RANDBETWEEN(0,10) -> 3 | U49: =RANDBETWEEN(10,30) -> 10 | V49: =W49+X49+Y49 -> 1 | W49: =RANDBETWEEN(0,2) -> 1 | X49: =RANDBETWEEN(0,2) -> 0 | Y49: =RANDBETWEEN(0,2) -> 0 | Z49: =AA49+AB49 -> 2 | AA49: =RANDBETWEEN(0,2) -> 2 | AB49: =RANDBETWEEN(0,2) -> 0 | AC49: =RANDBETWEEN(0,2) -> 2 | AD49: =RANDBETWEEN(0,2) -> 0 | AE49: =RANDBETWEEN(0,2) -> 1 | AF49: =RANDBETWEEN(0,2) -> 2 | AG49: =SUM(AC49:AF49) -> 5 | AH49: =RANDBETWEEN(1,10) -> 3 | AI49: =RANDBETWEEN(1,10) -> 9 | AJ49: =RANDBETWEEN(1,10) -> 9 | AK49: =SUM(AH49:AJ49) -> 21 | AY49: =RANDBETWEEN(1,10)/10 -> 0.7 | AZ49: =RANDBETWEEN(1,10)/10 -> 0.7 | BA49: 0 | BB49: 0 | BC49: =SUM(BC21,'ГОЧ'!$AY49) -> 1200.7 | BD49: =SUM(BD21,'ГОЧ'!$AZ49) -> 1200.7
A50: =A49 -> 46255 | B50: УВ (с) "Схід" | C50: =SUM(D50,F50) -> 10 | D50: =SUM(D44:D49) -> 3 | E50: =SUM(E44:E49) -> 3 | F50: =SUM(F44:F49) -> 7 | G50: =SUM(G44:G49) -> 8 | H50: =SUM(H44:H49) -> 4 | I50: =SUM(I44:I49) -> 7 | J50: =SUM(J44:J49) -> 6 | K50: =SUM(K44:K49) -> 5 | ... U50: =SUM(U44:U49) -> 115 | V50: =W50+X50+Y50 -> 16 | W50: =SUM(W44:W49) -> 7 | X50: =SUM(X44:X49) -> 5 | Y50: =SUM(Y44:Y49) -> 4 | Z50: =AA50+AB50 -> 11 | AA50: =SUM(AA44:AA49) -> 7 | AB50: =SUM(AB44:AB49) -> 4 | AC50: =SUM(AC44:AC49) -> 4 | AD50: =SUM(AD44:AD49) -> 8 | AE50: =SUM(AE44:AE49) -> 8 | AF50: =SUM(AF44:AF49) -> 7 | AG50: =SUM(AC50:AF50) -> 27 | AH50: =SUM(AH44:AH49) -> 43 | AI50: =SUM(AI44:AI49) -> 42 | AJ50: =SUM(AJ44:AJ49) -> 34 | AK50: =SUM(AH50:AJ50) -> 119 | AY50: =SUM(AY44:AY49) -> 4.2 | AZ50: =SUM(AZ44:AZ49) -> 4.2 | BA50: =SUM(BA44:BA49) -> 0 | BB50: =SUM(BB44:BB49) -> 0 | BC50: =SUM(BC44:BC49) -> 7204.2 | BD50: =SUM(BD44:BD49) -> 7204.2 | BE50: =TEXTJOIN(", ",TRUE,BE44:BE49) | BF50: =TEXTJOIN(", ",TRUE,BF44:BF49)
A51: =A50 -> 46255 | B51: 20 АК | C51: =SUM(D51,F51) -> 4 | D51: =RANDBETWEEN(0,2) -> 2 | E51: =RANDBETWEEN(0,2) -> 1 | F51: =RANDBETWEEN(0,2) -> 2 | G51: =RANDBETWEEN(0,2) -> 0 | H51: =RANDBETWEEN(0,2) -> 2 | I51: =RANDBETWEEN(0,2) -> 1 | J51: =RANDBETWEEN(0,2) -> 1 | K51: =RANDBETWEEN(0,2) -> 2 | L51: =RANDBETWEEN(0,2) -> 2 | M51: =SUM(N51:T51) -> 39 | N51: =RANDBETWEEN(0,10) -> 10 | O51: =RANDBETWEEN(0,10) -> 0 | P51: =RANDBETWEEN(0,10) -> 8 | Q51: =RANDBETWEEN(0,10) -> 7 | R51: =RANDBETWEEN(0,10) -> 8 | S51: =RANDBETWEEN(0,10) -> 1 | T51: =RANDBETWEEN(0,10) -> 5 | U51: =RANDBETWEEN(10,30) -> 28 | V51: =W51+X51+Y51 -> 1 | W51: =RANDBETWEEN(0,2) -> 1 | X51: =RANDBETWEEN(0,2) -> 0 | Y51: =RANDBETWEEN(0,2) -> 0 | Z51: =AA51+AB51 -> 2 | AA51: =RANDBETWEEN(0,2) -> 1 | AB51: =RANDBETWEEN(0,2) -> 1 | AC51: =RANDBETWEEN(0,2) -> 1 | AD51: =RANDBETWEEN(0,2) -> 0 | AE51: =RANDBETWEEN(0,2) -> 2 | AF51: =RANDBETWEEN(0,2) -> 0 | AG51: =SUM(AC51:AF51) -> 3 | AH51: =RANDBETWEEN(1,10) -> 9 | AI51: =RANDBETWEEN(1,10) -> 7 | AJ51: =RANDBETWEEN(1,10) -> 6 | AK51: =SUM(AH51:AJ51) -> 22 | AY51: =RANDBETWEEN(1,10)/10 -> 0.4 | AZ51: =RANDBETWEEN(1,10)/10 -> 0.7 | BA51: 0 | BB51: 0 | BC51: =SUM(BC23,'ГОЧ'!$AY51) -> 1200.4 | BD51: =SUM(BD23,'ГОЧ'!$AZ51) -> 1200.7
A52: =A51 -> 46255 | B52: Олександрівський н. | C52: =SUM(D52,F52) -> 4 | D52: =RANDBETWEEN(0,2) -> 2 | E52: =RANDBETWEEN(0,2) -> 2 | F52: =RANDBETWEEN(0,2) -> 2 | G52: =RANDBETWEEN(0,2) -> 2 | H52: =RANDBETWEEN(0,2) -> 1 | I52: =RANDBETWEEN(0,2) -> 2 | J52: =RANDBETWEEN(0,2) -> 2 | K52: =RANDBETWEEN(0,2) -> 0 | L52: =RANDBETWEEN(0,2) -> 1 | M52: =SUM(N52:T52) -> 22 | N52: =RANDBETWEEN(0,10) -> 1 | O52: =RANDBETWEEN(0,10) -> 2 | P52: =RANDBETWEEN(0,10) -> 6 | Q52: =RANDBETWEEN(0,10) -> 3 | R52: =RANDBETWEEN(0,10) -> 3 | S52: =RANDBETWEEN(0,10) -> 7 | T52: =RANDBETWEEN(0,10) -> 0 | U52: =RANDBETWEEN(10,30) -> 14 | V52: =W52+X52+Y52 -> 0 | W52: =RANDBETWEEN(0,2) -> 0 | X52: =RANDBETWEEN(0,2) -> 0 | Y52: =RANDBETWEEN(0,2) -> 0 | Z52: =AA52+AB52 -> 2 | AA52: =RANDBETWEEN(0,2) -> 0 | AB52: =RANDBETWEEN(0,2) -> 2 | AC52: =RANDBETWEEN(0,2) -> 2 | AD52: =RANDBETWEEN(0,2) -> 1 | AE52: =RANDBETWEEN(0,2) -> 2 | AF52: =RANDBETWEEN(0,2) -> 1 | AG52: =SUM(AC52:AF52) -> 6 | AH52: =RANDBETWEEN(1,10) -> 1 | AI52: =RANDBETWEEN(1,10) -> 2 | AJ52: =RANDBETWEEN(1,10) -> 2 | AK52: =SUM(AH52:AJ52) -> 5 | AY52: =RANDBETWEEN(1,10)/10 -> 0.5 | AZ52: =RANDBETWEEN(1,10)/10 -> 0.3 | BA52: 0 | BB52: 0 | BC52: =SUM(BC24,'ГОЧ'!$AY52) -> 1200.5 | BD52: =SUM(BD24,'ГОЧ'!$AZ52) -> 1200.3
A53: =A52 -> 46255 | B53: 17 АК | C53: =SUM(D53,F53) -> 3 | D53: =RANDBETWEEN(0,2) -> 2 | E53: =RANDBETWEEN(0,2) -> 0 | F53: =RANDBETWEEN(0,2) -> 1 | G53: =RANDBETWEEN(0,2) -> 0 | H53: =RANDBETWEEN(0,2) -> 2 | I53: =RANDBETWEEN(0,2) -> 1 | J53: =RANDBETWEEN(0,2) -> 1 | K53: =RANDBETWEEN(0,2) -> 0 | L53: =RANDBETWEEN(0,2) -> 2 | M53: =SUM(N53:T53) -> 22 | N53: =RANDBETWEEN(0,10) -> 5 | O53: =RANDBETWEEN(0,10) -> 2 | P53: =RANDBETWEEN(0,10) -> 1 | Q53: =RANDBETWEEN(0,10) -> 7 | R53: =RANDBETWEEN(0,10) -> 1 | S53: =RANDBETWEEN(0,10) -> 4 | T53: =RANDBETWEEN(0,10) -> 2 | U53: =RANDBETWEEN(10,30) -> 16 | V53: =W53+X53+Y53 -> 4 | W53: =RANDBETWEEN(0,2) -> 0 | X53: =RANDBETWEEN(0,2) -> 2 | Y53: =RANDBETWEEN(0,2) -> 2 | Z53: =AA53+AB53 -> 1 | AA53: =RANDBETWEEN(0,2) -> 0 | AB53: =RANDBETWEEN(0,2) -> 1 | AC53: =RANDBETWEEN(0,2) -> 1 | AD53: =RANDBETWEEN(0,2) -> 2 | AE53: =RANDBETWEEN(0,2) -> 2 | AF53: =RANDBETWEEN(0,2) -> 2 | AG53: =SUM(AC53:AF53) -> 7 | AH53: =RANDBETWEEN(1,10) -> 7 | AI53: =RANDBETWEEN(1,10) -> 1 | AJ53: =RANDBETWEEN(1,10) -> 6 | AK53: =SUM(AH53:AJ53) -> 14 | AY53: =RANDBETWEEN(1,10)/10 -> 1 | AZ53: =RANDBETWEEN(1,10)/10 -> 0.7 | BA53: 0 | BB53: 0 | BC53: =SUM(BC25,'ГОЧ'!$AY53) -> 1201 | BD53: =SUM(BD25,'ГОЧ'!$AZ53) -> 1200.7
A54: =A53 -> 46255 | B54: 30 КМП | C54: =SUM(D54,F54) -> 1 | D54: =RANDBETWEEN(0,2) -> 0 | E54: =RANDBETWEEN(0,2) -> 1 | F54: =RANDBETWEEN(0,2) -> 1 | G54: =RANDBETWEEN(0,2) -> 1 | H54: =RANDBETWEEN(0,2) -> 2 | I54: =RANDBETWEEN(0,2) -> 0 | J54: =RANDBETWEEN(0,2) -> 1 | K54: =RANDBETWEEN(0,2) -> 0 | L54: =RANDBETWEEN(0,2) -> 2 | M54: =SUM(N54:T54) -> 36 | N54: =RANDBETWEEN(0,10) -> 2 | O54: =RANDBETWEEN(0,10) -> 5 | P54: =RANDBETWEEN(0,10) -> 4 | Q54: =RANDBETWEEN(0,10) -> 10 | R54: =RANDBETWEEN(0,10) -> 0 | S54: =RANDBETWEEN(0,10) -> 5 | T54: =RANDBETWEEN(0,10) -> 10 | U54: =RANDBETWEEN(10,30) -> 18 | V54: =W54+X54+Y54 -> 3 | W54: =RANDBETWEEN(0,2) -> 1 | X54: =RANDBETWEEN(0,2) -> 0 | Y54: =RANDBETWEEN(0,2) -> 2 | Z54: =AA54+AB54 -> 2 | AA54: =RANDBETWEEN(0,2) -> 0 | AB54: =RANDBETWEEN(0,2) -> 2 | AC54: =RANDBETWEEN(0,2) -> 0 | AD54: =RANDBETWEEN(0,2) -> 0 | AE54: =RANDBETWEEN(0,2) -> 1 | AF54: =RANDBETWEEN(0,2) -> 0 | AG54: =SUM(AC54:AF54) -> 1 | AH54: =RANDBETWEEN(1,10) -> 8 | AI54: =RANDBETWEEN(1,10) -> 8 | AJ54: =RANDBETWEEN(1,10) -> 7 | AK54: =SUM(AH54:AJ54) -> 23 | AY54: =RANDBETWEEN(1,10)/10 -> 0.7 | AZ54: =RANDBETWEEN(1,10)/10 -> 0.6 | BA54: 0 | BB54: 0 | BC54: =SUM(BC26,'ГОЧ'!$AY54) -> 1200.7 | BD54: =SUM(BD26,'ГОЧ'!$AZ54) -> 1200.6
A55: =A54 -> 46255 | B55: ОТУ "Одеса" | C55: =SUM(D55,F55) -> 1 | D55: =RANDBETWEEN(0,2) -> 0 | E55: =RANDBETWEEN(0,2) -> 2 | F55: =RANDBETWEEN(0,2) -> 1 | G55: =RANDBETWEEN(0,2) -> 0 | H55: =RANDBETWEEN(0,2) -> 1 | I55: =RANDBETWEEN(0,2) -> 2 | J55: =RANDBETWEEN(0,2) -> 1 | K55: =RANDBETWEEN(0,2) -> 2 | L55: =RANDBETWEEN(0,2) -> 0 | M55: =SUM(N55:T55) -> 40 | N55: =RANDBETWEEN(0,10) -> 3 | O55: =RANDBETWEEN(0,10) -> 9 | P55: =RANDBETWEEN(0,10) -> 7 | Q55: =RANDBETWEEN(0,10) -> 2 | R55: =RANDBETWEEN(0,10) -> 7 | S55: =RANDBETWEEN(0,10) -> 9 | T55: =RANDBETWEEN(0,10) -> 3 | U55: =RANDBETWEEN(10,30) -> 22 | V55: =W55+X55+Y55 -> 3 | W55: =RANDBETWEEN(0,2) -> 0 | X55: =RANDBETWEEN(0,2) -> 2 | Y55: =RANDBETWEEN(0,2) -> 1 | Z55: =AA55+AB55 -> 0 | AA55: =RANDBETWEEN(0,2) -> 0 | AB55: =RANDBETWEEN(0,2) -> 0 | AC55: =RANDBETWEEN(0,2) -> 1 | AD55: =RANDBETWEEN(0,2) -> 2 | AE55: =RANDBETWEEN(0,2) -> 0 | AF55: =RANDBETWEEN(0,2) -> 0 | AG55: =SUM(AC55:AF55) -> 3 | AH55: =RANDBETWEEN(1,10) -> 8 | AI55: =RANDBETWEEN(1,10) -> 10 | AJ55: =RANDBETWEEN(1,10) -> 4 | AK55: =SUM(AH55:AJ55) -> 22 | AY55: =RANDBETWEEN(1,10)/10 -> 0.9 | AZ55: =RANDBETWEEN(1,10)/10 -> 0.7 | BA55: 0 | BB55: 0 | BC55: =SUM(BC27,'ГОЧ'!$AY55) -> 1200.9 | BD55: =SUM(BD27,'ГОЧ'!$AZ55) -> 1200.7
A56: =A55 -> 46255 | B56: УВ (с) "Південь" | C56: =SUM(D56,F56) -> 13 | D56: =SUM(D51:D55) -> 6 | E56: =SUM(E51:E55) -> 6 | F56: =SUM(F51:F55) -> 7 | G56: =SUM(G51:G55) -> 3 | H56: =SUM(H51:H55) -> 8 | I56: =SUM(I51:I55) -> 6 | J56: =SUM(J51:J55) -> 6 | K56: =SUM(K51:K55) -> 4 | L56: =SUM(L51:L55) -> 7 | M56: =SUM(N56:T56) -> 159 | N56: =SUM(N51:N55) -> 21 | O56: =SUM(O51:O55) -> 18 | P56: =SUM(P51:P55) -> 26 | Q56: =SUM(Q51:Q55) -> 29 | R56: =SUM(R51:R55) -> 19 | S56: =SUM(S51:S55) -> 26 | T56: =SUM(T51:T55) -> 20 | U56: =SUM(U51:U55) -> 98 | V56: =W56+X56+Y56 -> 11 | W56: =SUM(W51:W55) -> 2 | X56: =SUM(X51:X55) -> 4 | Y56: =SUM(Y51:Y55) -> 5 | Z56: =SUM(AA56:AB56) -> 7 | AA56: =SUM(AA51:AA55) -> 1 | AB56: =SUM(AB51:AB55) -> 6 | AC56: =SUM(AC51:AC55) -> 5 | AD56: =SUM(AD51:AD55) -> 5 | AE56: =SUM(AE51:AE55) -> 7 | AF56: =SUM(AF51:AF55) -> 3 | AG56: =SUM(AC56:AF56) -> 20 | AH56: =SUM(AH51:AH55) -> 33 | AI56: =SUM(AI51:AI55) -> 28 | AJ56: =SUM(AJ51:AJ55) -> 25 | AK56: =SUM(AH56:AJ56) -> 86 | AY56: =SUM(AY51:AY55) -> 3.5 | AZ56: =SUM(AZ51:AZ55) -> 3 | BA56: =SUM(BA51:BA55) -> 0 | BB56: =SUM(BB51:BB55) -> 0 | BC56: =SUM(BC51:BC55) -> 6003.5 | BD56: =SUM(BD51:BD55) -> 6003 | BE56: =TEXTJOIN(", ",TRUE,BE51:BE55) | BF56: =TEXTJOIN(", ",TRUE,BF51:BF55)
A57: =A56 -> 46255 | B57: ВСЬОГО за СО: | C57: =SUM(C31+C32+C33+C37,C36,C43,C50,C56) -> 41 | D57: =SUM(D31+D32+D33+D37,D36,D43,D50,D56) -> 19 | E57: =SUM(E31+E32+E33+E37,E36,E43,E50,E56) -> 15 | F57: =SUM(F31+F32+F33+F37,F36,F43,F50,F56) -> 22 | G57: =SUM(G31+G32+G33+G37,G36,G43,G50,G56) -> 22 | H57: =SUM(H31+H32+H33+H37,H36,H43,H50,H56) -> 26 | I57: =SUM(I31+I32+I33+I37,I36,I43,I50,I56) -> 22 | J57: =SUM(J31+J32+J33+J37,J36,J43,J50,J56) -> 23 | ... AK57: =SUM(AK31+AK32+AK33+AK37,AK36,AK43,AK50,AK56) -> 370 | AY57: =SUM(AY31+AY32+AY33+AY37,AY36,AY43,AY50,AY56) -> 18.9 | AZ57: =SUM(AZ31+AZ32+AZ33+AZ37,AZ36,AZ43,AZ50,AZ56) -> 15.8 | BA57: =SUM(BA31+BA32+BA33+BA37,BA36,BA43,BA50,BA56) -> 5 | BB57: =SUM(BB31+BB32+BB33+BB37,BB36,BB43,BB50,BB56) -> 3 | BC57: =SUM(BC31+BC32+BC33+BC37,BC36,BC43,BC50,BC56) -> 26414.9 | BD57: =SUM(BD31+BD32+BD33+BD37,BD36,BD43,BD50,BD56) -> 26415.8 | BE57: =TEXTJOIN(", ",TRUE,BE56,BE50,BE43,BE37,BE36,BE33,BE32,BE31) -> Олександівка, Пантелеймонівка, Миколаївка, Курськ, Рильск | BF57: =TEXTJOIN(", ",TRUE,BF56,BF50,BF43,BF37,BF36,BF33,BF32,BF31) -> Загреблі, Верхні води, Ступочки
A58: =A57+1 -> 46256
A59: =A58 -> 46256 | B59: УСБпС | C59: =SUM(D59,F59) -> 0 | D59: =RANDBETWEEN(0,2) -> 0 | E59: =RANDBETWEEN(0,2) -> 0 | F59: =RANDBETWEEN(0,2) -> 0 | G59: =RANDBETWEEN(0,2) -> 0 | H59: =RANDBETWEEN(0,2) -> 0 | I59: =RANDBETWEEN(0,2) -> 1 | J59: =RANDBETWEEN(0,2) -> 2 | K59: =RANDBETWEEN(0,2) -> 1 | L59: =RANDBETWEEN(0,2) -> 0 | M59: =SUM(N59:T59) -> 29 | N59: =RANDBETWEEN(0,10) -> 2 | O59: =RANDBETWEEN(0,10) -> 7 | P59: =RANDBETWEEN(0,10) -> 5 | Q59: =RANDBETWEEN(0,10) -> 0 | R59: =RANDBETWEEN(0,10) -> 5 | S59: =RANDBETWEEN(0,10) -> 4 | T59: =RANDBETWEEN(0,10) -> 6 | U59: =RANDBETWEEN(10,30) -> 19 | V59: =SUM(W59:Y59) -> 3 | W59: =RANDBETWEEN(0,2) -> 2 | X59: =RANDBETWEEN(0,2) -> 1 | Y59: =RANDBETWEEN(0,2) -> 0 | Z59: =AA59+AB59 -> 3 | AA59: =RANDBETWEEN(0,2) -> 2 | AB59: =RANDBETWEEN(0,2) -> 1 | AC59: =RANDBETWEEN(0,2) -> 2 | AD59: =RANDBETWEEN(0,2) -> 2 | AE59: =RANDBETWEEN(0,2) -> 2 | AF59: =RANDBETWEEN(0,2) -> 2 | AG59: =SUM(AC59:AF59) -> 8 | AH59: =RANDBETWEEN(1,10) -> 9 | AI59: =RANDBETWEEN(1,10) -> 4 | AJ59: =RANDBETWEEN(1,10) -> 9 | AK59: =SUM(AH59:AJ59) -> 22 | AY59: =RANDBETWEEN(1,10)/10 -> 0.5 | AZ59: =RANDBETWEEN(1,10)/10 -> 1 | BA59: 0 | BB59: 0 | BC59: =SUM(BC31,'ГОЧ'!$AY59) -> 1201.3 | BD59: =SUM(BD31,'ГОЧ'!$AZ59) -> 1201.7
A60: =A59 -> 46256 | B60: УВ (с) "Захід" | C60: =SUM(D60,F60) -> 2 | D60: =RANDBETWEEN(0,2) -> 2 | E60: =RANDBETWEEN(0,2) -> 2 | F60: =RANDBETWEEN(0,2) -> 0 | G60: =RANDBETWEEN(0,2) -> 2 | H60: =RANDBETWEEN(0,2) -> 0 | I60: =RANDBETWEEN(0,2) -> 1 | J60: =RANDBETWEEN(0,2) -> 0 | K60: =RANDBETWEEN(0,2) -> 1 | L60: =RANDBETWEEN(0,2) -> 1 | M60: =SUM(N60:T60) -> 40 | N60: =RANDBETWEEN(0,10) -> 4 | O60: =RANDBETWEEN(0,10) -> 7 | P60: =RANDBETWEEN(0,10) -> 5 | Q60: =RANDBETWEEN(0,10) -> 5 | R60: =RANDBETWEEN(0,10) -> 3 | S60: =RANDBETWEEN(0,10) -> 8 | T60: =RANDBETWEEN(0,10) -> 8 | U60: =RANDBETWEEN(10,30) -> 23 | V60: =SUM(W60:Y60) -> 4 | W60: =RANDBETWEEN(0,2) -> 1 | X60: =RANDBETWEEN(0,2) -> 2 | Y60: =RANDBETWEEN(0,2) -> 1 | Z60: =AA60+AB60 -> 1 | AA60: =RANDBETWEEN(0,2) -> 0 | AB60: =RANDBETWEEN(0,2) -> 1 | AC60: =RANDBETWEEN(0,2) -> 1 | AD60: =RANDBETWEEN(0,2) -> 1 | AE60: =RANDBETWEEN(0,2) -> 1 | AF60: =RANDBETWEEN(0,2) -> 0 | AG60: =SUM(AC60:AF60) -> 3 | AH60: =RANDBETWEEN(1,10) -> 8 | AI60: =RANDBETWEEN(1,10) -> 8 | AJ60: =RANDBETWEEN(1,10) -> 7 | AK60: =SUM(AH60:AJ60) -> 23 | AY60: =RANDBETWEEN(1,10)/10 -> 0.6 | AZ60: =RANDBETWEEN(1,10)/10 -> 0.6 | BA60: 0 | BB60: 0 | BC60: =SUM(BC32,'ГОЧ'!$AY60) -> 1201 | BD60: =SUM(BD32,'ГОЧ'!$AZ60) -> 1201.6
A61: =A60 -> 46256 | B61: 12 АК | C61: =SUM(D61,F61) -> 0 | D61: 0 | E61: 0 | F61: 0 | G61: 0 | H61: 0 | I61: 0 | J61: 0 | K61: 0 | L61: 0 | M61: =SUM(N61:T61) -> 0 | N61: 0 | O61: 0 | P61: 0 | Q61: 0 | R61: 0 | S61: 0 | T61: 0 | U61: 0 | V61: =SUM(W61:Y61) -> 0 | W61: 0 | X61: 0 | Y61: 0 | Z61: =AA61+AB61 -> 0 | AA61: 0 | AB61: 0 | AC61: 0 | AD61: 0 | AE61: 0 | AF61: 0 | AG61: =SUM(AC61:AF61) -> 0 | AH61: 0 | AI61: 0 | AJ61: 0 | AK61: =SUM(AH61:AJ61) -> 0 | AY61: =SUM(AY59:AY60) -> 1.1 | AZ61: =SUM(AZ59:AZ60) -> 1.6 | BA61: =SUM(BA59:BA60) -> 0 | BB61: =SUM(BB59:BB60) -> 0 | BC61: =SUM(BC59:BC60) -> 2402.3 | BD61: =SUM(BD59:BD60) -> 2403.3
A62: =A61 -> 46256 | B62: 15 АК | C62: =SUM(D62,F62) -> 2 | D62: =RANDBETWEEN(0,2) -> 1 | E62: =RANDBETWEEN(0,2) -> 0 | F62: =RANDBETWEEN(0,2) -> 1 | G62: =RANDBETWEEN(0,2) -> 0 | H62: =RANDBETWEEN(0,2) -> 2 | I62: =RANDBETWEEN(0,2) -> 0 | J62: =RANDBETWEEN(0,2) -> 2 | K62: =RANDBETWEEN(0,2) -> 2 | L62: =RANDBETWEEN(0,2) -> 1 | M62: =SUM(N62:T62) -> 37 | N62: =RANDBETWEEN(0,10) -> 10 | O62: =RANDBETWEEN(0,10) -> 10 | P62: =RANDBETWEEN(0,10) -> 7 | Q62: =RANDBETWEEN(0,10) -> 1 | R62: =RANDBETWEEN(0,10) -> 2 | S62: =RANDBETWEEN(0,10) -> 1 | T62: =RANDBETWEEN(0,10) -> 6 | U62: =RANDBETWEEN(10,30) -> 10 | V62: =SUM(W62:Y62) -> 3 | W62: =RANDBETWEEN(0,2) -> 2 | X62: =RANDBETWEEN(0,2) -> 1 | Y62: =RANDBETWEEN(0,2) -> 0 | Z62: =SUM(AA62:AB62) -> 2 | AA62: =RANDBETWEEN(0,2) -> 2 | AB62: =RANDBETWEEN(0,2) -> 0 | AC62: =RANDBETWEEN(0,2) -> 1 | AD62: =RANDBETWEEN(0,2) -> 1 | AE62: =RANDBETWEEN(0,2) -> 0 | AF62: =RANDBETWEEN(0,2) -> 0 | AG62: =SUM(AC62:AF62) -> 2 | AH62: =RANDBETWEEN(1,10) -> 5 | AI62: =RANDBETWEEN(1,10) -> 10 | AJ62: =RANDBETWEEN(1,10) -> 9 | AK62: =SUM(AH62:AJ62) -> 24 | AY62: =RANDBETWEEN(1,10)/10 -> 0.9 | AZ62: =RANDBETWEEN(1,10)/10 -> 0.9 | BA62: 0 | BB62: 0 | BC62: =SUM(BC34,'ГОЧ'!$AY62) -> 1201.4 | BD62: =SUM(BD34,'ГОЧ'!$AZ62) -> 1201.1
A63: =A62 -> 46256 | B63: 18 АК | C63: =SUM(D63,F63) -> 1 | D63: =RANDBETWEEN(0,2) -> 0 | E63: =RANDBETWEEN(0,2) -> 0 | F63: =RANDBETWEEN(0,2) -> 1 | G63: =RANDBETWEEN(0,2) -> 2 | H63: =RANDBETWEEN(0,2) -> 2 | I63: =RANDBETWEEN(0,2) -> 1 | J63: =RANDBETWEEN(0,2) -> 2 | K63: =RANDBETWEEN(0,2) -> 0 | L63: =RANDBETWEEN(0,2) -> 0 | M63: =SUM(N63:T63) -> 47 | N63: =RANDBETWEEN(0,10) -> 10 | O63: =RANDBETWEEN(0,10) -> 8 | P63: =RANDBETWEEN(0,10) -> 4 | Q63: =RANDBETWEEN(0,10) -> 8 | R63: =RANDBETWEEN(0,10) -> 2 | S63: =RANDBETWEEN(0,10) -> 8 | T63: =RANDBETWEEN(0,10) -> 7 | U63: =RANDBETWEEN(10,30) -> 21 | V63: =SUM(W63:Y63) -> 3 | W63: =RANDBETWEEN(0,2) -> 1 | X63: =RANDBETWEEN(0,2) -> 2 | Y63: =RANDBETWEEN(0,2) -> 0 | Z63: =SUM(AA63:AB63) -> 3 | AA63: =RANDBETWEEN(0,2) -> 1 | AB63: =RANDBETWEEN(0,2) -> 2 | AC63: =RANDBETWEEN(0,2) -> 2 | AD63: =RANDBETWEEN(0,2) -> 0 | AE63: =RANDBETWEEN(0,2) -> 0 | AF63: =RANDBETWEEN(0,2) -> 2 | AG63: =SUM(AC63:AF63) -> 4 | AH63: =RANDBETWEEN(1,10) -> 9 | AI63: =RANDBETWEEN(1,10) -> 4 | AJ63: =RANDBETWEEN(1,10) -> 10 | AK63: =SUM(AH63:AJ63) -> 23 | AY63: =RANDBETWEEN(1,10)/10 -> 0.8 | AZ63: =RANDBETWEEN(1,10)/10 -> 0.3 | BA63: 0 | BB63: 0 | BC63: =SUM(BC35,'ГОЧ'!$AY63) -> 1201.1 | BD63: =SUM(BD35,'ГОЧ'!$AZ63) -> 1201
A64: =A63 -> 46256 | B64: УВ (с) "Північ" | C64: =SUM(D64,F64) -> 3 | D64: =SUM(D62:D63) -> 1 | E64: =SUM(E62:E63) -> 0 | F64: =SUM(F62:F63) -> 2 | G64: =SUM(G62:G63) -> 2 | H64: =SUM(H62:H63) -> 4 | I64: =SUM(I62:I63) -> 1 | J64: =SUM(J62:J63) -> 4 | K64: =SUM(K62:K63) -> 2 | L64: =SUM(L62:L63) -> 1 | M64: =SUM(N64:T64) -> 80 | N64: =SUM(N62:N63) -> 20 | O64: =SUM(O62:O63) -> 18 | P64: =SUM(P62:P63) -> 11 | Q64: =SUM(Q62:Q63) -> 9 | R64: 0 | S64: =SUM(S62:S63) -> 9 | T64: =SUM(T62:T63) -> 13 | U64: =SUM(U62:U63) -> 31 | V64: =SUM(W64:Y64) -> 6 | W64: =SUM(W62:W63) -> 3 | X64: =SUM(X62:X63) -> 3 | Y64: =SUM(Y62:Y63) -> 0 | Z64: =SUM(AA64:AB64) -> 5 | AA64: =SUM(AA62:AA63) -> 3 | AB64: =SUM(AB62:AB63) -> 2 | AC64: =SUM(AC62:AC63) -> 3 | AD64: =SUM(AD62:AD63) -> 1 | AE64: =SUM(AE62:AE63) -> 0 | AF64: =SUM(AF62:AF63) -> 2 | AG64: =SUM(AC64:AF64) -> 6 | AH64: =SUM(AH62:AH63) -> 14 | AI64: =SUM(AI62:AI63) -> 14 | AJ64: =SUM(AJ62:AJ63) -> 19 | AK64: =SUM(AH64:AJ64) -> 47 | AY64: =SUM(AY62:AY63) -> 1.7 | AZ64: =SUM(AZ62:AZ63) -> 1.2 | BA64: =SUM(BA62:BA63) -> 0 | BB64: =SUM(BB62:BB63) -> 0 | BC64: =SUM(BC62:BC63) -> 2402.5 | BD64: =SUM(BD62:BD63) -> 2402.1 | BE64: =TEXTJOIN(", ",TRUE,BE62:BE63) | BF64: =TEXTJOIN(", ",TRUE,BF62:BF63)
A65: =A64 -> 46256 | B65: УВ "Курськ" | C65: =SUM(D65,F65) -> 5 | D65: 3 | E65: 0 | F65: 2 | G65: 2 | H65: 0 | I65: 0 | J65: 1 | K65: 1 | L65: 0 | M65: =SUM(N65:T65) -> 38 | N65: 0 | O65: 0 | P65: 0 | Q65: 9 | R65: 0 | S65: 0 | T65: 29 | U65: 7 | V65: =W65+X65+Y65 -> 0 | W65: 0 | X65: 0 | Y65: 0 | Z65: =SUM(AA65:AB65) -> 0 | AA65: 0 | AB65: 0 | AC65: 0 | AD65: 1 | AE65: 0 | AF65: 0 | AG65: =SUM(AC65:AF65) -> 1 | AH65: 6 | AI65: 5 | AJ65: 0 | AK65: =SUM(AH65:AJ65) -> 11 | AY65: =RANDBETWEEN(1,10) -> 1 | AZ65: =RANDBETWEEN(1,10) -> 2 | BA65: 2 | BB65: 0 | BC65: 1 | BD65: 2 | BE65: Курськ, Рильск
A66: =A65 -> 46256 | B66: 14 АК | C66: =SUM(D66,F66) -> 2 | D66: =RANDBETWEEN(0,2) -> 0 | E66: =RANDBETWEEN(0,2) -> 0 | F66: =RANDBETWEEN(0,2) -> 2 | G66: =RANDBETWEEN(0,2) -> 0 | H66: =RANDBETWEEN(0,2) -> 2 | I66: =RANDBETWEEN(0,2) -> 2 | J66: =RANDBETWEEN(0,2) -> 0 | K66: =RANDBETWEEN(0,2) -> 2 | L66: =RANDBETWEEN(0,2) -> 1 | M66: =SUM(N66:T66) -> 26 | N66: =RANDBETWEEN(0,10) -> 6 | O66: =RANDBETWEEN(0,10) -> 3 | P66: =RANDBETWEEN(0,10) -> 5 | Q66: =RANDBETWEEN(0,10) -> 2 | R66: =RANDBETWEEN(0,10) -> 1 | S66: =RANDBETWEEN(0,10) -> 4 | T66: =RANDBETWEEN(0,10) -> 5 | U66: =RANDBETWEEN(10,30) -> 20 | V66: =W66+X66+Y66 -> 3 | W66: =RANDBETWEEN(0,2) -> 1 | X66: =RANDBETWEEN(0,2) -> 2 | Y66: =RANDBETWEEN(0,2) -> 0 | Z66: =AA66+AB66 -> 2 | AA66: =RANDBETWEEN(0,2) -> 0 | AB66: =RANDBETWEEN(0,2) -> 2 | AC66: =RANDBETWEEN(0,2) -> 2 | AD66: =RANDBETWEEN(0,2) -> 1 | AE66: =RANDBETWEEN(0,2) -> 2 | AF66: =RANDBETWEEN(0,2) -> 0 | AG66: =SUM(AC66:AF66) -> 5 | AH66: =RANDBETWEEN(1,10) -> 2 | AI66: =RANDBETWEEN(1,10) -> 3 | AJ66: =RANDBETWEEN(1,10) -> 8 | AK66: =SUM(AH66:AJ66) -> 13 | AY66: =RANDBETWEEN(1,10)/10 -> 0.5 | AZ66: =RANDBETWEEN(1,10)/10 -> 0.9 | BA66: 1 | BB66: 0 | BC66: =SUM(BC38,'ГОЧ'!$AY66) -> 1201.4 | BD66: =SUM(BD38,'ГОЧ'!$AZ66) -> 1201.6 | BE66: Олександівка
A67: =A66 -> 46256 | B67: 2 КНГУ "Хартія" | C67: =SUM(D67,F67) -> 3 | D67: =RANDBETWEEN(0,2) -> 2 | E67: =RANDBETWEEN(0,2) -> 0 | F67: =RANDBETWEEN(0,2) -> 1 | G67: =RANDBETWEEN(0,2) -> 2 | H67: =RANDBETWEEN(0,2) -> 2 | I67: =RANDBETWEEN(0,2) -> 2 | J67: =RANDBETWEEN(0,2) -> 1 | K67: =RANDBETWEEN(0,2) -> 2 | L67: =RANDBETWEEN(0,2) -> 0 | M67: =SUM(N67:T67) -> 29 | N67: =RANDBETWEEN(0,10) -> 7 | O67: =RANDBETWEEN(0,10) -> 1 | P67: =RANDBETWEEN(0,10) -> 7 | Q67: =RANDBETWEEN(0,10) -> 0 | R67: =RANDBETWEEN(0,10) -> 0 | S67: =RANDBETWEEN(0,10) -> 6 | T67: =RANDBETWEEN(0,10) -> 8 | U67: =RANDBETWEEN(10,30) -> 16 | V67: =W67+X67+Y67 -> 1 | W67: =RANDBETWEEN(0,2) -> 0 | X67: =RANDBETWEEN(0,2) -> 0 | Y67: =RANDBETWEEN(0,2) -> 1 | Z67: =AA67+AB67 -> 2 | AA67: =RANDBETWEEN(0,2) -> 2 | AB67: =RANDBETWEEN(0,2) -> 0 | AC67: =RANDBETWEEN(0,2) -> 2 | AD67: =RANDBETWEEN(0,2) -> 1 | AE67: =RANDBETWEEN(0,2) -> 1 | AF67: =RANDBETWEEN(0,2) -> 2 | AG67: =SUM(AC67:AF67) -> 6 | AH67: =RANDBETWEEN(1,10) -> 3 | AI67: =RANDBETWEEN(1,10) -> 7 | AJ67: =RANDBETWEEN(1,10) -> 4 | AK67: =SUM(AH67:AJ67) -> 14 | AY67: =RANDBETWEEN(1,10)/10 -> 0.9 | AZ67: =RANDBETWEEN(1,10)/10 -> 1 | BA67: 1 | BB67: 2 | BC67: =SUM(BC39,'ГОЧ'!$AY67) -> 1201.7 | BD67: =SUM(BD39,'ГОЧ'!$AZ67) -> 1201.5 | BE67: Пантелеймонівка | BF67: Загреблі, Верхні води
A68: =A67 -> 46256 | B68: 16 АК | C68: =SUM(D68,F68) -> 1 | D68: =RANDBETWEEN(0,2) -> 1 | E68: =RANDBETWEEN(0,2) -> 1 | F68: =RANDBETWEEN(0,2) -> 0 | G68: =RANDBETWEEN(0,2) -> 1 | H68: =RANDBETWEEN(0,2) -> 1 | I68: =RANDBETWEEN(0,2) -> 1 | J68: =RANDBETWEEN(0,2) -> 1 | K68: =RANDBETWEEN(0,2) -> 2 | L68: =RANDBETWEEN(0,2) -> 1 | M68: =SUM(N68:T68) -> 28 | N68: =RANDBETWEEN(0,10) -> 0 | O68: =RANDBETWEEN(0,10) -> 7 | P68: =RANDBETWEEN(0,10) -> 5 | Q68: =RANDBETWEEN(0,10) -> 5 | R68: =RANDBETWEEN(0,10) -> 1 | S68: =RANDBETWEEN(0,10) -> 9 | T68: =RANDBETWEEN(0,10) -> 1 | U68: =RANDBETWEEN(10,30) -> 22 | V68: =W68+X68+Y68 -> 3 | W68: =RANDBETWEEN(0,2) -> 1 | X68: =RANDBETWEEN(0,2) -> 0 | Y68: =RANDBETWEEN(0,2) -> 2 | Z68: =AA68+AB68 -> 1 | AA68: =RANDBETWEEN(0,2) -> 0 | AB68: =RANDBETWEEN(0,2) -> 1 | AC68: =RANDBETWEEN(0,2) -> 0 | AD68: =RANDBETWEEN(0,2) -> 2 | AE68: =RANDBETWEEN(0,2) -> 2 | AF68: =RANDBETWEEN(0,2) -> 1 | AG68: =SUM(AC68:AF68) -> 5 | AH68: =RANDBETWEEN(1,10) -> 1 | AI68: =RANDBETWEEN(1,10) -> 8 | AJ68: =RANDBETWEEN(1,10) -> 1 | AK68: =SUM(AH68:AJ68) -> 10 | AY68: =RANDBETWEEN(1,10)/10 -> 0.6 | AZ68: =RANDBETWEEN(1,10)/10 -> 0.3 | BA68: 0 | BB68: 0 | BC68: =SUM(BC40,'ГОЧ'!$AY68) -> 1200.8 | BD68: =SUM(BD40,'ГОЧ'!$AZ68) -> 1200.6
A69: =A68 -> 46256 | B69: 10 АК | C69: =SUM(D69,F69) -> 1 | D69: =RANDBETWEEN(0,2) -> 1 | E69: =RANDBETWEEN(0,2) -> 0 | F69: =RANDBETWEEN(0,2) -> 0 | G69: =RANDBETWEEN(0,2) -> 2 | H69: =RANDBETWEEN(0,2) -> 1 | I69: =RANDBETWEEN(0,2) -> 0 | J69: =RANDBETWEEN(0,2) -> 0 | K69: =RANDBETWEEN(0,2) -> 2 | L69: =RANDBETWEEN(0,2) -> 0 | M69: =SUM(N69:T69) -> 26 | N69: =RANDBETWEEN(0,10) -> 5 | O69: =RANDBETWEEN(0,10) -> 0 | P69: =RANDBETWEEN(0,10) -> 1 | Q69: =RANDBETWEEN(0,10) -> 0 | R69: =RANDBETWEEN(0,10) -> 4 | S69: =RANDBETWEEN(0,10) -> 10 | T69: =RANDBETWEEN(0,10) -> 6 | U69: =RANDBETWEEN(10,30) -> 17 | V69: =W69+X69+Y69 -> 2 | W69: =RANDBETWEEN(0,2) -> 0 | X69: =RANDBETWEEN(0,2) -> 0 | Y69: =RANDBETWEEN(0,2) -> 2 | Z69: =AA69+AB69 -> 3 | AA69: =RANDBETWEEN(0,2) -> 2 | AB69: =RANDBETWEEN(0,2) -> 1 | AC69: =RANDBETWEEN(0,2) -> 2 | AD69: =RANDBETWEEN(0,2) -> 1 | AE69: =RANDBETWEEN(0,2) -> 1 | AF69: =RANDBETWEEN(0,2) -> 0 | AG69: =SUM(AC69:AF69) -> 4 | AH69: =RANDBETWEEN(1,10) -> 4 | AI69: =RANDBETWEEN(1,10) -> 2 | AJ69: =RANDBETWEEN(1,10) -> 1 | AK69: =SUM(AH69:AJ69) -> 7 | AY69: =RANDBETWEEN(1,10)/10 -> 0.6 | AZ69: =RANDBETWEEN(1,10)/10 -> 0.9 | BA69: 1 | BB69: 0 | BC69: =SUM(BC41,'ГОЧ'!$AY69) -> 1201.5 | BD69: =SUM(BD41,'ГОЧ'!$AZ69) -> 1201.5 | BE69: Миколаївка
A70: =A69 -> 46256 | B70: 3 АК | C70: =SUM(D70,F70) -> 3 | D70: =RANDBETWEEN(0,2) -> 2 | E70: =RANDBETWEEN(0,2) -> 1 | F70: =RANDBETWEEN(0,2) -> 1 | G70: =RANDBETWEEN(0,2) -> 1 | H70: =RANDBETWEEN(0,2) -> 0 | I70: =RANDBETWEEN(0,2) -> 1 | J70: =RANDBETWEEN(0,2) -> 1 | K70: =RANDBETWEEN(0,2) -> 0 | L70: =RANDBETWEEN(0,2) -> 1 | M70: =SUM(N70:T70) -> 38 | N70: =RANDBETWEEN(0,10) -> 2 | O70: =RANDBETWEEN(0,10) -> 2 | P70: =RANDBETWEEN(0,10) -> 8 | Q70: =RANDBETWEEN(0,10) -> 10 | R70: =RANDBETWEEN(0,10) -> 5 | S70: =RANDBETWEEN(0,10) -> 9 | T70: =RANDBETWEEN(0,10) -> 2 | U70: =RANDBETWEEN(10,30) -> 11 | V70: =W70+X70+Y70 -> 2 | W70: =RANDBETWEEN(0,2) -> 0 | X70: =RANDBETWEEN(0,2) -> 1 | Y70: =RANDBETWEEN(0,2) -> 1 | Z70: =AA70+AB70 -> 2 | AA70: =RANDBETWEEN(0,2) -> 0 | AB70: =RANDBETWEEN(0,2) -> 2 | AC70: =RANDBETWEEN(0,2) -> 0 | AD70: =RANDBETWEEN(0,2) -> 2 | AE70: =RANDBETWEEN(0,2) -> 2 | AF70: =RANDBETWEEN(0,2) -> 1 | AG70: =SUM(AC70:AF70) -> 5 | AH70: =RANDBETWEEN(1,10) -> 4 | AI70: =RANDBETWEEN(1,10) -> 1 | AJ70: =RANDBETWEEN(1,10) -> 9 | AK70: =SUM(AH70:AJ70) -> 14 | AY70: =RANDBETWEEN(1,10)/10 -> 0.3 | AZ70: =RANDBETWEEN(1,10)/10 -> 0.1 | BA70: 0 | BB70: 1 | BC70: =SUM(BC42,'ГОЧ'!$AY70) -> 1200.5 | BD70: =SUM(BD42,'ГОЧ'!$AZ70) -> 1200.3 | BF70: Ступочки
A71: =A70 -> 46256 | B71: УОС | C71: =SUM(D71,F71) -> 10 | D71: =D66+D67+D68+D69+D70 -> 6 | E71: =E66+E67+E68+E69+E70 -> 2 | F71: =F66+F67+F68+F69+F70 -> 4 | G71: =G66+G67+G68+G69+G70 -> 6 | H71: =H66+H67+H68+H69+H70 -> 6 | I71: =I66+I67+I68+I69+I70 -> 6 | J71: =J66+J67+J68+J69+J70 -> 3 | K71: =K66+K67+K68+K69+K70 -> 8 | L71: =L66+L67+L68+L69+L70 -> 3 | M71: =SUM(N71:T71) -> 147 | N71: =N66+N67+N68+N69+N70 -> 20 | O71: =O66+O67+O68+O69+O70 -> 13 | P71: =P66+P67+P68+P69+P70 -> 26 | Q71: =Q66+Q67+Q68+Q69+Q70 -> 17 | R71: =R66+R67+R68+R69+R70 -> 11 | S71: =S66+S67+S68+S69+S70 -> 38 | T71: =T66+T67+T68+T69+T70 -> 22 | U71: =U66+U67+U68+U69+U70 -> 86 | V71: =W71+X71+Y71 -> 11 | W71: =W66+W67+W68+W69+W70 -> 2 | X71: =X66+X67+X68+X69+X70 -> 3 | Y71: =Y66+Y67+Y68+Y69+Y70 -> 6 | Z71: =AA71+AB71 -> 10 | AA71: =AA66+AA67+AA68+AA69+AA70 -> 4 | AB71: =AB66+AB67+AB68+AB69+AB70 -> 6 | AC71: =AC66+AC67+AC68+AC69+AC70 -> 6 | AD71: =AE66+AD67+AD68+AD69+AD70 -> 8 | AE71: =AE66+AE67+AE68+AE69+AE70 -> 8 | AF71: =AF66+AF67+AF68+AF69+AF70 -> 4 | AG71: =SUM(AC71:AF71) -> 26 | AH71: =AH66+AH67+AH68+AH69+AH70 -> 14 | AI71: =AI66+AI67+AI68+AI69+AI70 -> 21 | AJ71: =AJ66+AJ67+AJ68+AJ69+AJ70 -> 23 | AK71: =SUM(AH71:AJ71) -> 58 | AY71: =AY66+AY67+AY68+AY69+AY70 -> 2.9 | AZ71: =AZ66+AZ67+AZ68+AZ69+AZ70 -> 3.2 | BA71: =BA66+BA67+BA68+BA69+BA70 -> 3 | BB71: =BB66+BB67+BB68+BB69+BB70 -> 3 | BC71: =BC66+BC67+BC68+BC69+BC70 -> 6005.9 | BD71: =BD66+BD67+BD68+BD69+BD70 -> 6005.5 | BE71: =TEXTJOIN(", ",TRUE,BE66:BE70) -> Олександівка, Пантелеймонівка, Миколаївка | BF71: =TEXTJOIN(", ",TRUE,BF66:BF70) -> Загреблі, Верхні води, Ступочки
A72: =A71 -> 46256 | B72: 11 АК | C72: =SUM(D72,F72) -> 3 | D72: =RANDBETWEEN(0,2) -> 1 | E72: =RANDBETWEEN(0,2) -> 0 | F72: =RANDBETWEEN(0,2) -> 2 | G72: =RANDBETWEEN(0,2) -> 2 | H72: =RANDBETWEEN(0,2) -> 2 | I72: =RANDBETWEEN(0,2) -> 0 | J72: =RANDBETWEEN(0,2) -> 2 | K72: =RANDBETWEEN(0,2) -> 0 | L72: =RANDBETWEEN(0,2) -> 2 | M72: =SUM(N72:T72) -> 39 | N72: =RANDBETWEEN(0,10) -> 3 | O72: =RANDBETWEEN(0,10) -> 0 | P72: =RANDBETWEEN(0,10) -> 9 | Q72: =RANDBETWEEN(0,10) -> 5 | R72: =RANDBETWEEN(0,10) -> 5 | S72: =RANDBETWEEN(0,10) -> 9 | T72: =RANDBETWEEN(0,10) -> 8 | U72: =RANDBETWEEN(10,30) -> 12 | V72: =W72+X72+Y72 -> 3 | W72: =RANDBETWEEN(0,2) -> 2 | X72: =RANDBETWEEN(0,2) -> 1 | Y72: =RANDBETWEEN(0,2) -> 0 | Z72: =AA72+AB72 -> 2 | AA72: =RANDBETWEEN(0,2) -> 2 | AB72: =RANDBETWEEN(0,2) -> 0 | AC72: =RANDBETWEEN(0,2) -> 0 | AD72: =RANDBETWEEN(0,2) -> 1 | AE72: =RANDBETWEEN(0,2) -> 1 | AF72: =RANDBETWEEN(0,2) -> 0 | AG72: =SUM(AC72:AF72) -> 2 | AH72: =RANDBETWEEN(1,10) -> 1 | AI72: =RANDBETWEEN(1,10) -> 3 | AJ72: =RANDBETWEEN(1,10) -> 4 | AK72: =SUM(AH72:AJ72) -> 8 | AY72: =RANDBETWEEN(1,10)/10 -> 0.1 | AZ72: =RANDBETWEEN(1,10)/10 -> 0.8 | BA72: 0 | BB72: 0 | BC72: =SUM(BC44,'ГОЧ'!$AY72) -> 1200.3 | BD72: =SUM(BD44,'ГОЧ'!$AZ72) -> 1201.7
A73: =A72 -> 46256 | B73: 19 АК | C73: =SUM(D73,F73) -> 2 | D73: =RANDBETWEEN(0,2) -> 0 | E73: =RANDBETWEEN(0,2) -> 1 | F73: =RANDBETWEEN(0,2) -> 2 | G73: =RANDBETWEEN(0,2) -> 1 | H73: =RANDBETWEEN(0,2) -> 2 | I73: =RANDBETWEEN(0,2) -> 2 | J73: =RANDBETWEEN(0,2) -> 1 | K73: =RANDBETWEEN(0,2) -> 0 | L73: =RANDBETWEEN(0,2) -> 2 | M73: =SUM(N73:T73) -> 23 | N73: =RANDBETWEEN(0,10) -> 8 | O73: =RANDBETWEEN(0,10) -> 0 | P73: =RANDBETWEEN(0,10) -> 2 | Q73: =RANDBETWEEN(0,10) -> 2 | R73: =RANDBETWEEN(0,10) -> 4 | S73: =RANDBETWEEN(0,10) -> 0 | T73: =RANDBETWEEN(0,10) -> 7 | U73: =RANDBETWEEN(10,30) -> 17 | V73: =W73+X73+Y73 -> 3 | W73: =RANDBETWEEN(0,2) -> 2 | X73: =RANDBETWEEN(0,2) -> 0 | Y73: =RANDBETWEEN(0,2) -> 1 | Z73: =AA73+AB73 -> 3 | AA73: =RANDBETWEEN(0,2) -> 1 | AB73: =RANDBETWEEN(0,2) -> 2 | AC73: =RANDBETWEEN(0,2) -> 0 | AD73: =RANDBETWEEN(0,2) -> 1 | AE73: =RANDBETWEEN(0,2) -> 1 | AF73: =RANDBETWEEN(0,2) -> 2 | AG73: =SUM(AC73:AF73) -> 4 | AH73: =RANDBETWEEN(1,10) -> 4 | AI73: =RANDBETWEEN(1,10) -> 10 | AJ73: =RANDBETWEEN(1,10) -> 5 | AK73: =SUM(AH73:AJ73) -> 19 | AY73: =RANDBETWEEN(1,10)/10 -> 0.7 | AZ73: =RANDBETWEEN(1,10)/10 -> 0.5 | BA73: 0 | BB73: 0 | BC73: =SUM(BC45,'ГОЧ'!$AY73) -> 1201.6 | BD73: =SUM(BD45,'ГОЧ'!$AZ73) -> 1201.3
A74: =A73 -> 46256 | B74: 1 КНГУ "Азов" | C74: =SUM(D74,F74) -> 1 | D74: =RANDBETWEEN(0,2) -> 0 | E74: =RANDBETWEEN(0,2) -> 1 | F74: =RANDBETWEEN(0,2) -> 1 | G74: =RANDBETWEEN(0,2) -> 1 | H74: =RANDBETWEEN(0,2) -> 1 | I74: =RANDBETWEEN(0,2) -> 2 | J74: =RANDBETWEEN(0,2) -> 2 | K74: =RANDBETWEEN(0,2) -> 0 | L74: =RANDBETWEEN(0,2) -> 1 | M74: =SUM(N74:T74) -> 45 | N74: =RANDBETWEEN(0,10) -> 2 | O74: =RANDBETWEEN(0,10) -> 9 | P74: =RANDBETWEEN(0,10) -> 7 | Q74: =RANDBETWEEN(0,10) -> 8 | R74: =RANDBETWEEN(0,10) -> 6 | S74: =RANDBETWEEN(0,10) -> 10 | T74: =RANDBETWEEN(0,10) -> 3 | U74: =RANDBETWEEN(10,30) -> 26 | V74: =W74+X74+Y74 -> 5 | W74: =RANDBETWEEN(0,2) -> 2 | X74: =RANDBETWEEN(0,2) -> 1 | Y74: =RANDBETWEEN(0,2) -> 2 | Z74: =AA74+AB74 -> 1 | AA74: =RANDBETWEEN(0,2) -> 0 | AB74: =RANDBETWEEN(0,2) -> 1 | AC74: =RANDBETWEEN(0,2) -> 0 | AD74: =RANDBETWEEN(0,2) -> 1 | AE74: =RANDBETWEEN(0,2) -> 2 | AF74: =RANDBETWEEN(0,2) -> 2 | AG74: =SUM(AC74:AF74) -> 5 | AH74: =RANDBETWEEN(1,10) -> 4 | AI74: =RANDBETWEEN(1,10) -> 7 | AJ74: =RANDBETWEEN(1,10) -> 6 | AK74: =SUM(AH74:AJ74) -> 17 | AY74: =RANDBETWEEN(1,10)/10 -> 0.8 | AZ74: =RANDBETWEEN(1,10)/10 -> 0.8 | BA74: 0 | BB74: 0 | BC74: =SUM(BC46,'ГОЧ'!$AY74) -> 1201.5 | BD74: =SUM(BD46,'ГОЧ'!$AZ74) -> 1201.8
A75: =A74 -> 46256 | B75: 7 КШР | C75: =SUM(D75,F75) -> 3 | D75: =RANDBETWEEN(0,2) -> 1 | E75: =RANDBETWEEN(0,2) -> 2 | F75: =RANDBETWEEN(0,2) -> 2 | G75: =RANDBETWEEN(0,2) -> 2 | H75: =RANDBETWEEN(0,2) -> 1 | I75: =RANDBETWEEN(0,2) -> 2 | J75: =RANDBETWEEN(0,2) -> 2 | K75: =RANDBETWEEN(0,2) -> 0 | L75: =RANDBETWEEN(0,2) -> 0 | M75: =SUM(N75:T75) -> 34 | N75: =RANDBETWEEN(0,10) -> 8 | O75: =RANDBETWEEN(0,10) -> 3 | P75: =RANDBETWEEN(0,10) -> 7 | Q75: =RANDBETWEEN(0,10) -> 10 | R75: =RANDBETWEEN(0,10) -> 0 | S75: =RANDBETWEEN(0,10) -> 4 | T75: =RANDBETWEEN(0,10) -> 2 | U75: =RANDBETWEEN(10,30) -> 27 | V75: =W75+X75+Y75 -> 3 | W75: =RANDBETWEEN(0,2) -> 0 | X75: =RANDBETWEEN(0,2) -> 2 | Y75: =RANDBETWEEN(0,2) -> 1 | Z75: =AA75+AB75 -> 2 | AA75: =RANDBETWEEN(0,2) -> 0 | AB75: =RANDBETWEEN(0,2) -> 2 | AC75: =RANDBETWEEN(0,2) -> 1 | AD75: =RANDBETWEEN(0,2) -> 0 | AE75: =RANDBETWEEN(0,2) -> 1 | AF75: =RANDBETWEEN(0,2) -> 2 | AG75: =SUM(AC75:AF75) -> 4 | AH75: =RANDBETWEEN(1,10) -> 2 | AI75: =RANDBETWEEN(1,10) -> 6 | AJ75: =RANDBETWEEN(1,10) -> 7 | AK75: =SUM(AH75:AJ75) -> 15 | AY75: =RANDBETWEEN(1,10)/10 -> 0.3 | AZ75: =RANDBETWEEN(1,10)/10 -> 0.1 | BA75: 0 | BB75: 0 | BC75: =SUM(BC47,'ГОЧ'!$AY75) -> 1201.3 | BD75: =SUM(BD47,'ГОЧ'!$AZ75) -> 1200.7
A76: =A75 -> 46256 | B76: Покровський н. | C76: =SUM(D76,F76) -> 3 | D76: =RANDBETWEEN(0,2) -> 1 | E76: =RANDBETWEEN(0,2) -> 1 | F76: =RANDBETWEEN(0,2) -> 2 | G76: =RANDBETWEEN(0,2) -> 1 | H76: =RANDBETWEEN(0,2) -> 1 | I76: =RANDBETWEEN(0,2) -> 1 | J76: =RANDBETWEEN(0,2) -> 0 | K76: =RANDBETWEEN(0,2) -> 1 | L76: =RANDBETWEEN(0,2) -> 0 | M76: =SUM(N76:T76) -> 25 | N76: =RANDBETWEEN(0,10) -> 0 | O76: =RANDBETWEEN(0,10) -> 10 | P76: =RANDBETWEEN(0,10) -> 1 | Q76: =RANDBETWEEN(0,10) -> 2 | R76: =RANDBETWEEN(0,10) -> 6 | S76: =RANDBETWEEN(0,10) -> 0 | T76: =RANDBETWEEN(0,10) -> 6 | U76: =RANDBETWEEN(10,30) -> 24 | V76: =W76+X76+Y76 -> 4 | W76: =RANDBETWEEN(0,2) -> 1 | X76: =RANDBETWEEN(0,2) -> 1 | Y76: =RANDBETWEEN(0,2) -> 2 | Z76: =AA76+AB76 -> 3 | AA76: =RANDBETWEEN(0,2) -> 1 | AB76: =RANDBETWEEN(0,2) -> 2 | AC76: =RANDBETWEEN(0,2) -> 0 | AD76: =RANDBETWEEN(0,2) -> 1 | AE76: =RANDBETWEEN(0,2) -> 2 | AF76: =RANDBETWEEN(0,2) -> 1 | AG76: =SUM(AC76:AF76) -> 4 | AH76: =RANDBETWEEN(1,10) -> 6 | AI76: =RANDBETWEEN(1,10) -> 4 | AJ76: =RANDBETWEEN(1,10) -> 6 | AK76: =SUM(AH76:AJ76) -> 16 | AY76: =RANDBETWEEN(1,10)/10 -> 0.4 | AZ76: =RANDBETWEEN(1,10)/10 -> 0.2 | BA76: 0 | BB76: 0 | BC76: =SUM(BC48,'ГОЧ'!$AY76) -> 1201.1 | BD76: =SUM(BD48,'ГОЧ'!$AZ76) -> 1200.4
A77: =A76 -> 46256 | B77: 9 АК | C77: =SUM(D77,F77) -> 3 | D77: =RANDBETWEEN(0,2) -> 2 | E77: =RANDBETWEEN(0,2) -> 0 | F77: =RANDBETWEEN(0,2) -> 1 | G77: =RANDBETWEEN(0,2) -> 1 | H77: =RANDBETWEEN(0,2) -> 0 | I77: =RANDBETWEEN(0,2) -> 0 | J77: =RANDBETWEEN(0,2) -> 2 | K77: =RANDBETWEEN(0,2) -> 2 | L77: =RANDBETWEEN(0,2) -> 2 | M77: =SUM(N77:T77) -> 27 | N77: =RANDBETWEEN(0,10) -> 4 | O77: =RANDBETWEEN(0,10) -> 4 | P77: =RANDBETWEEN(0,10) -> 2 | Q77: =RANDBETWEEN(0,10) -> 4 | R77: =RANDBETWEEN(0,10) -> 5 | S77: =RANDBETWEEN(0,10) -> 8 | T77: =RANDBETWEEN(0,10) -> 0 | U77: =RANDBETWEEN(10,30) -> 28 | V77: =W77+X77+Y77 -> 1 | W77: =RANDBETWEEN(0,2) -> 0 | X77: =RANDBETWEEN(0,2) -> 1 | Y77: =RANDBETWEEN(0,2) -> 0 | Z77: =AA77+AB77 -> 2 | AA77: =RANDBETWEEN(0,2) -> 2 | AB77: =RANDBETWEEN(0,2) -> 0 | AC77: =RANDBETWEEN(0,2) -> 1 | AD77: =RANDBETWEEN(0,2) -> 2 | AE77: =RANDBETWEEN(0,2) -> 2 | AF77: =RANDBETWEEN(0,2) -> 0 | AG77: =SUM(AC77:AF77) -> 5 | AH77: =RANDBETWEEN(1,10) -> 4 | AI77: =RANDBETWEEN(1,10) -> 5 | AJ77: =RANDBETWEEN(1,10) -> 1 | AK77: =SUM(AH77:AJ77) -> 10 | AY77: =RANDBETWEEN(1,10)/10 -> 0.2 | AZ77: =RANDBETWEEN(1,10)/10 -> 0.9 | BA77: 0 | BB77: 0 | BC77: =SUM(BC49,'ГОЧ'!$AY77) -> 1200.9 | BD77: =SUM(BD49,'ГОЧ'!$AZ77) -> 1201.6
A78: =A77 -> 46256 | B78: УВ (с) "Схід" | C78: =SUM(D78,F78) -> 15 | D78: =SUM(D72:D77) -> 5 | E78: =SUM(E72:E77) -> 5 | F78: =SUM(F72:F77) -> 10 | G78: =SUM(G72:G77) -> 8 | H78: =SUM(H72:H77) -> 7 | I78: =SUM(I72:I77) -> 7 | J78: =SUM(J72:J77) -> 9 | K78: =SUM(K72:K77) -> 3 | ... U78: =SUM(U72:U77) -> 134 | V78: =W78+X78+Y78 -> 19 | W78: =SUM(W72:W77) -> 7 | X78: =SUM(X72:X77) -> 6 | Y78: =SUM(Y72:Y77) -> 6 | Z78: =AA78+AB78 -> 13 | AA78: =SUM(AA72:AA77) -> 6 | AB78: =SUM(AB72:AB77) -> 7 | AC78: =SUM(AC72:AC77) -> 2 | AD78: =SUM(AD72:AD77) -> 6 | AE78: =SUM(AE72:AE77) -> 9 | AF78: =SUM(AF72:AF77) -> 7 | AG78: =SUM(AC78:AF78) -> 24 | AH78: =SUM(AH72:AH77) -> 21 | AI78: =SUM(AI72:AI77) -> 35 | AJ78: =SUM(AJ72:AJ77) -> 29 | AK78: =SUM(AH78:AJ78) -> 85 | AY78: =SUM(AY72:AY77) -> 2.5 | AZ78: =SUM(AZ72:AZ77) -> 3.3 | BA78: =SUM(BA72:BA77) -> 0 | BB78: =SUM(BB72:BB77) -> 0 | BC78: =SUM(BC72:BC77) -> 7206.7 | BD78: =SUM(BD72:BD77) -> 7207.5 | BE78: =TEXTJOIN(", ",TRUE,BE72:BE77) | BF78: =TEXTJOIN(", ",TRUE,BF72:BF77)
A79: =A78 -> 46256 | B79: 20 АК | C79: =SUM(D79,F79) -> 1 | D79: =RANDBETWEEN(0,2) -> 0 | E79: =RANDBETWEEN(0,2) -> 1 | F79: =RANDBETWEEN(0,2) -> 1 | G79: =RANDBETWEEN(0,2) -> 1 | H79: =RANDBETWEEN(0,2) -> 2 | I79: =RANDBETWEEN(0,2) -> 2 | J79: =RANDBETWEEN(0,2) -> 0 | K79: =RANDBETWEEN(0,2) -> 2 | L79: =RANDBETWEEN(0,2) -> 2 | M79: =SUM(N79:T79) -> 32 | N79: =RANDBETWEEN(0,10) -> 10 | O79: =RANDBETWEEN(0,10) -> 1 | P79: =RANDBETWEEN(0,10) -> 4 | Q79: =RANDBETWEEN(0,10) -> 4 | R79: =RANDBETWEEN(0,10) -> 3 | S79: =RANDBETWEEN(0,10) -> 1 | T79: =RANDBETWEEN(0,10) -> 9 | U79: =RANDBETWEEN(10,30) -> 30 | V79: =W79+X79+Y79 -> 5 | W79: =RANDBETWEEN(0,2) -> 2 | X79: =RANDBETWEEN(0,2) -> 1 | Y79: =RANDBETWEEN(0,2) -> 2 | Z79: =AA79+AB79 -> 2 | AA79: =RANDBETWEEN(0,2) -> 0 | AB79: =RANDBETWEEN(0,2) -> 2 | AC79: =RANDBETWEEN(0,2) -> 0 | AD79: =RANDBETWEEN(0,2) -> 0 | AE79: =RANDBETWEEN(0,2) -> 1 | AF79: =RANDBETWEEN(0,2) -> 2 | AG79: =SUM(AC79:AF79) -> 3 | AH79: =RANDBETWEEN(1,10) -> 6 | AI79: =RANDBETWEEN(1,10) -> 9 | AJ79: =RANDBETWEEN(1,10) -> 4 | AK79: =SUM(AH79:AJ79) -> 19 | AY79: =RANDBETWEEN(1,10)/10 -> 0.2 | AZ79: =RANDBETWEEN(1,10)/10 -> 0.5 | BA79: 0 | BB79: 0 | BC79: =SUM(BC51,'ГОЧ'!$AY79) -> 1200.6 | BD79: =SUM(BD51,'ГОЧ'!$AZ79) -> 1201.2
A80: =A79 -> 46256 | B80: Олександрівський н. | C80: =SUM(D80,F80) -> 2 | D80: =RANDBETWEEN(0,2) -> 0 | E80: =RANDBETWEEN(0,2) -> 1 | F80: =RANDBETWEEN(0,2) -> 2 | G80: =RANDBETWEEN(0,2) -> 2 | H80: =RANDBETWEEN(0,2) -> 0 | I80: =RANDBETWEEN(0,2) -> 0 | J80: =RANDBETWEEN(0,2) -> 2 | K80: =RANDBETWEEN(0,2) -> 0 | L80: =RANDBETWEEN(0,2) -> 0 | M80: =SUM(N80:T80) -> 24 | N80: =RANDBETWEEN(0,10) -> 1 | O80: =RANDBETWEEN(0,10) -> 1 | P80: =RANDBETWEEN(0,10) -> 5 | Q80: =RANDBETWEEN(0,10) -> 2 | R80: =RANDBETWEEN(0,10) -> 6 | S80: =RANDBETWEEN(0,10) -> 1 | T80: =RANDBETWEEN(0,10) -> 8 | U80: =RANDBETWEEN(10,30) -> 10 | V80: =W80+X80+Y80 -> 0 | W80: =RANDBETWEEN(0,2) -> 0 | X80: =RANDBETWEEN(0,2) -> 0 | Y80: =RANDBETWEEN(0,2) -> 0 | Z80: =AA80+AB80 -> 3 | AA80: =RANDBETWEEN(0,2) -> 1 | AB80: =RANDBETWEEN(0,2) -> 2 | AC80: =RANDBETWEEN(0,2) -> 0 | AD80: =RANDBETWEEN(0,2) -> 0 | AE80: =RANDBETWEEN(0,2) -> 2 | AF80: =RANDBETWEEN(0,2) -> 2 | AG80: =SUM(AC80:AF80) -> 4 | AH80: =RANDBETWEEN(1,10) -> 5 | AI80: =RANDBETWEEN(1,10) -> 5 | AJ80: =RANDBETWEEN(1,10) -> 2 | AK80: =SUM(AH80:AJ80) -> 12 | AY80: =RANDBETWEEN(1,10)/10 -> 0.7 | AZ80: =RANDBETWEEN(1,10)/10 -> 0.3 | BA80: 0 | BB80: 0 | BC80: =SUM(BC52,'ГОЧ'!$AY80) -> 1201.2 | BD80: =SUM(BD52,'ГОЧ'!$AZ80) -> 1200.6
A81: =A80 -> 46256 | B81: 17 АК | C81: =SUM(D81,F81) -> 2 | D81: =RANDBETWEEN(0,2) -> 1 | E81: =RANDBETWEEN(0,2) -> 2 | F81: =RANDBETWEEN(0,2) -> 1 | G81: =RANDBETWEEN(0,2) -> 0 | H81: =RANDBETWEEN(0,2) -> 1 | I81: =RANDBETWEEN(0,2) -> 1 | J81: =RANDBETWEEN(0,2) -> 0 | K81: =RANDBETWEEN(0,2) -> 2 | L81: =RANDBETWEEN(0,2) -> 1 | M81: =SUM(N81:T81) -> 33 | N81: =RANDBETWEEN(0,10) -> 2 | O81: =RANDBETWEEN(0,10) -> 7 | P81: =RANDBETWEEN(0,10) -> 8 | Q81: =RANDBETWEEN(0,10) -> 2 | R81: =RANDBETWEEN(0,10) -> 6 | S81: =RANDBETWEEN(0,10) -> 4 | T81: =RANDBETWEEN(0,10) -> 4 | U81: =RANDBETWEEN(10,30) -> 13 | V81: =W81+X81+Y81 -> 1 | W81: =RANDBETWEEN(0,2) -> 0 | X81: =RANDBETWEEN(0,2) -> 1 | Y81: =RANDBETWEEN(0,2) -> 0 | Z81: =AA81+AB81 -> 4 | AA81: =RANDBETWEEN(0,2) -> 2 | AB81: =RANDBETWEEN(0,2) -> 2 | AC81: =RANDBETWEEN(0,2) -> 2 | AD81: =RANDBETWEEN(0,2) -> 1 | AE81: =RANDBETWEEN(0,2) -> 2 | AF81: =RANDBETWEEN(0,2) -> 1 | AG81: =SUM(AC81:AF81) -> 6 | AH81: =RANDBETWEEN(1,10) -> 1 | AI81: =RANDBETWEEN(1,10) -> 5 | AJ81: =RANDBETWEEN(1,10) -> 10 | AK81: =SUM(AH81:AJ81) -> 16 | AY81: =RANDBETWEEN(1,10)/10 -> 0.3 | AZ81: =RANDBETWEEN(1,10)/10 -> 0.6 | BA81: 0 | BB81: 0 | BC81: =SUM(BC53,'ГОЧ'!$AY81) -> 1201.3 | BD81: =SUM(BD53,'ГОЧ'!$AZ81) -> 1201.3
A82: =A81 -> 46256 | B82: 30 КМП | C82: =SUM(D82,F82) -> 1 | D82: =RANDBETWEEN(0,2) -> 0 | E82: =RANDBETWEEN(0,2) -> 0 | F82: =RANDBETWEEN(0,2) -> 1 | G82: =RANDBETWEEN(0,2) -> 1 | H82: =RANDBETWEEN(0,2) -> 0 | I82: =RANDBETWEEN(0,2) -> 1 | J82: =RANDBETWEEN(0,2) -> 2 | K82: =RANDBETWEEN(0,2) -> 2 | L82: =RANDBETWEEN(0,2) -> 1 | M82: =SUM(N82:T82) -> 35 | N82: =RANDBETWEEN(0,10) -> 2 | O82: =RANDBETWEEN(0,10) -> 10 | P82: =RANDBETWEEN(0,10) -> 5 | Q82: =RANDBETWEEN(0,10) -> 10 | R82: =RANDBETWEEN(0,10) -> 1 | S82: =RANDBETWEEN(0,10) -> 6 | T82: =RANDBETWEEN(0,10) -> 1 | U82: =RANDBETWEEN(10,30) -> 29 | V82: =W82+X82+Y82 -> 5 | W82: =RANDBETWEEN(0,2) -> 2 | X82: =RANDBETWEEN(0,2) -> 2 | Y82: =RANDBETWEEN(0,2) -> 1 | Z82: =AA82+AB82 -> 1 | AA82: =RANDBETWEEN(0,2) -> 0 | AB82: =RANDBETWEEN(0,2) -> 1 | AC82: =RANDBETWEEN(0,2) -> 0 | AD82: =RANDBETWEEN(0,2) -> 0 | AE82: =RANDBETWEEN(0,2) -> 2 | AF82: =RANDBETWEEN(0,2) -> 1 | AG82: =SUM(AC82:AF82) -> 3 | AH82: =RANDBETWEEN(1,10) -> 10 | AI82: =RANDBETWEEN(1,10) -> 3 | AJ82: =RANDBETWEEN(1,10) -> 6 | AK82: =SUM(AH82:AJ82) -> 19 | AY82: =RANDBETWEEN(1,10)/10 -> 0.2 | AZ82: =RANDBETWEEN(1,10)/10 -> 0.9 | BA82: 0 | BB82: 0 | BC82: =SUM(BC54,'ГОЧ'!$AY82) -> 1200.9 | BD82: =SUM(BD54,'ГОЧ'!$AZ82) -> 1201.5
A83: =A82 -> 46256 | B83: ОТУ "Одеса" | C83: =SUM(D83,F83) -> 2 | D83: =RANDBETWEEN(0,2) -> 0 | E83: =RANDBETWEEN(0,2) -> 1 | F83: =RANDBETWEEN(0,2) -> 2 | G83: =RANDBETWEEN(0,2) -> 0 | H83: =RANDBETWEEN(0,2) -> 2 | I83: =RANDBETWEEN(0,2) -> 0 | J83: =RANDBETWEEN(0,2) -> 0 | K83: =RANDBETWEEN(0,2) -> 2 | L83: =RANDBETWEEN(0,2) -> 1 | M83: =SUM(N83:T83) -> 40 | N83: =RANDBETWEEN(0,10) -> 7 | O83: =RANDBETWEEN(0,10) -> 1 | P83: =RANDBETWEEN(0,10) -> 9 | Q83: =RANDBETWEEN(0,10) -> 0 | R83: =RANDBETWEEN(0,10) -> 10 | S83: =RANDBETWEEN(0,10) -> 10 | T83: =RANDBETWEEN(0,10) -> 3 | U83: =RANDBETWEEN(10,30) -> 20 | V83: =W83+X83+Y83 -> 6 | W83: =RANDBETWEEN(0,2) -> 2 | X83: =RANDBETWEEN(0,2) -> 2 | Y83: =RANDBETWEEN(0,2) -> 2 | Z83: =AA83+AB83 -> 2 | AA83: =RANDBETWEEN(0,2) -> 1 | AB83: =RANDBETWEEN(0,2) -> 1 | AC83: =RANDBETWEEN(0,2) -> 0 | AD83: =RANDBETWEEN(0,2) -> 0 | AE83: =RANDBETWEEN(0,2) -> 2 | AF83: =RANDBETWEEN(0,2) -> 2 | AG83: =SUM(AC83:AF83) -> 4 | AH83: =RANDBETWEEN(1,10) -> 1 | AI83: =RANDBETWEEN(1,10) -> 5 | AJ83: =RANDBETWEEN(1,10) -> 4 | AK83: =SUM(AH83:AJ83) -> 10 | AY83: =RANDBETWEEN(1,10)/10 -> 0.4 | AZ83: =RANDBETWEEN(1,10)/10 -> 0.4 | BA83: 0 | BB83: 0 | BC83: =SUM(BC55,'ГОЧ'!$AY83) -> 1201.3 | BD83: =SUM(BD55,'ГОЧ'!$AZ83) -> 1201.1
A84: =A83 -> 46256 | B84: УВ (с) "Південь" | C84: =SUM(D84,F84) -> 8 | D84: =SUM(D79:D83) -> 1 | E84: =SUM(E79:E83) -> 5 | F84: =SUM(F79:F83) -> 7 | G84: =SUM(G79:G83) -> 4 | H84: =SUM(H79:H83) -> 5 | I84: =SUM(I79:I83) -> 4 | J84: =SUM(J79:J83) -> 4 | K84: =SUM(K79:K83) -> 8 | L84: =SUM(L79:L83) -> 5 | M84: =SUM(N84:T84) -> 164 | N84: =SUM(N79:N83) -> 22 | O84: =SUM(O79:O83) -> 20 | P84: =SUM(P79:P83) -> 31 | Q84: =SUM(Q79:Q83) -> 18 | R84: =SUM(R79:R83) -> 26 | S84: =SUM(S79:S83) -> 22 | T84: =SUM(T79:T83) -> 25 | U84: =SUM(U79:U83) -> 102 | V84: =W84+X84+Y84 -> 17 | W84: =SUM(W79:W83) -> 6 | X84: =SUM(X79:X83) -> 6 | Y84: =SUM(Y79:Y83) -> 5 | Z84: =SUM(AA84:AB84) -> 12 | AA84: =SUM(AA79:AA83) -> 4 | AB84: =SUM(AB79:AB83) -> 8 | AC84: =SUM(AC79:AC83) -> 2 | AD84: =SUM(AD79:AD83) -> 1 | AE84: =SUM(AE79:AE83) -> 9 | AF84: =SUM(AF79:AF83) -> 8 | AG84: =SUM(AC84:AF84) -> 20 | AH84: =SUM(AH79:AH83) -> 23 | AI84: =SUM(AI79:AI83) -> 27 | AJ84: =SUM(AJ79:AJ83) -> 26 | AK84: =SUM(AH84:AJ84) -> 76 | AY84: =SUM(AY79:AY83) -> 1.8 | AZ84: =SUM(AZ79:AZ83) -> 2.7 | BA84: =SUM(BA79:BA83) -> 0 | BB84: =SUM(BB79:BB83) -> 0 | BC84: =SUM(BC79:BC83) -> 6005.3 | BD84: =SUM(BD79:BD83) -> 6005.7 | BE84: =TEXTJOIN(", ",TRUE,BE79:BE83) | BF84: =TEXTJOIN(", ",TRUE,BF79:BF83)
A85: =A84 -> 46256 | B85: ВСЬОГО за СО: | C85: =SUM(C59+C60+C61+C65,C64,C71,C78,C84) -> 43 | D85: =SUM(D59+D60+D61+D65,D64,D71,D78,D84) -> 18 | E85: =SUM(E59+E60+E61+E65,E64,E71,E78,E84) -> 14 | F85: =SUM(F59+F60+F61+F65,F64,F71,F78,F84) -> 25 | G85: =SUM(G59+G60+G61+G65,G64,G71,G78,G84) -> 24 | H85: =SUM(H59+H60+H61+H65,H64,H71,H78,H84) -> 22 | I85: =SUM(I59+I60+I61+I65,I64,I71,I78,I84) -> 20 | J85: =SUM(J59+J60+J61+J65,J64,J71,J78,J84) -> 23 | ... AK85: =SUM(AK59+AK60+AK61+AK65,AK64,AK71,AK78,AK84) -> 322 | AY85: =SUM(AY59+AY60+AY61+AY65,AY64,AY71,AY78,AY84) -> 12.1 | AZ85: =SUM(AZ59+AZ60+AZ61+AZ65,AZ64,AZ71,AZ78,AZ84) -> 15.6 | BA85: =SUM(BA59+BA60+BA61+BA65,BA64,BA71,BA78,BA84) -> 5 | BB85: =SUM(BB59+BB60+BB61+BB65,BB64,BB71,BB78,BB84) -> 3 | BC85: =SUM(BC59+BC60+BC61+BC65,BC64,BC71,BC78,BC84) -> 26426 | BD85: =SUM(BD59+BD60+BD61+BD65,BD64,BD71,BD78,BD84) -> 26429.4 | BE85: =TEXTJOIN(", ",TRUE,BE84,BE78,BE71,BE65,BE64,BE61,BE60,BE59) -> Олександівка, Пантелеймонівка, Миколаївка, Курськ, Рильск | BF85: =TEXTJOIN(", ",TRUE,BF84,BF78,BF71,BF65,BF64,BF61,BF60,BF59) -> Загреблі, Верхні води, Ступочки
A86: =A85+1 -> 46257
A87: =A86 -> 46257 | B87: УСБпС | C87: =SUM(D87,F87) -> 2 | D87: =RANDBETWEEN(0,2) -> 2 | E87: =RANDBETWEEN(0,2) -> 2 | F87: =RANDBETWEEN(0,2) -> 0 | G87: =RANDBETWEEN(0,2) -> 2 | H87: =RANDBETWEEN(0,2) -> 2 | I87: =RANDBETWEEN(0,2) -> 2 | J87: =RANDBETWEEN(0,2) -> 0 | K87: =RANDBETWEEN(0,2) -> 1 | L87: =RANDBETWEEN(0,2) -> 2 | M87: =SUM(N87:T87) -> 30 | N87: =RANDBETWEEN(0,10) -> 7 | O87: =RANDBETWEEN(0,10) -> 0 | P87: =RANDBETWEEN(0,10) -> 1 | Q87: =RANDBETWEEN(0,10) -> 5 | R87: =RANDBETWEEN(0,10) -> 8 | S87: =RANDBETWEEN(0,10) -> 9 | T87: =RANDBETWEEN(0,10) -> 0 | U87: =RANDBETWEEN(10,30) -> 13 | V87: =SUM(W87:Y87) -> 2 | W87: =RANDBETWEEN(0,2) -> 0 | X87: =RANDBETWEEN(0,2) -> 2 | Y87: =RANDBETWEEN(0,2) -> 0 | Z87: =AA87+AB87 -> 2 | AA87: =RANDBETWEEN(0,2) -> 0 | AB87: =RANDBETWEEN(0,2) -> 2 | AC87: =RANDBETWEEN(0,2) -> 0 | AD87: =RANDBETWEEN(0,2) -> 2 | AE87: =RANDBETWEEN(0,2) -> 2 | AF87: =RANDBETWEEN(0,2) -> 0 | AG87: =SUM(AC87:AF87) -> 4 | AH87: =RANDBETWEEN(1,10) -> 7 | AI87: =RANDBETWEEN(1,10) -> 8 | AJ87: =RANDBETWEEN(1,10) -> 2 | AK87: =SUM(AH87:AJ87) -> 17 | AY87: =RANDBETWEEN(1,10)/10 -> 1 | AZ87: =RANDBETWEEN(1,10)/10 -> 0.6 | BA87: 0 | BB87: 0 | BC87: =SUM(BC59,'ГОЧ'!$AY87) -> 1202.3 | BD87: =SUM(BD59,'ГОЧ'!$AZ87) -> 1202.3
A88: =A87 -> 46257 | B88: УВ (с) "Захід" | C88: =SUM(D88,F88) -> 3 | D88: =RANDBETWEEN(0,2) -> 2 | E88: =RANDBETWEEN(0,2) -> 1 | F88: =RANDBETWEEN(0,2) -> 1 | G88: =RANDBETWEEN(0,2) -> 2 | H88: =RANDBETWEEN(0,2) -> 1 | I88: =RANDBETWEEN(0,2) -> 2 | J88: =RANDBETWEEN(0,2) -> 1 | K88: =RANDBETWEEN(0,2) -> 0 | L88: =RANDBETWEEN(0,2) -> 0 | M88: =SUM(N88:T88) -> 15 | N88: =RANDBETWEEN(0,10) -> 2 | O88: =RANDBETWEEN(0,10) -> 4 | P88: =RANDBETWEEN(0,10) -> 0 | Q88: =RANDBETWEEN(0,10) -> 0 | R88: =RANDBETWEEN(0,10) -> 0 | S88: =RANDBETWEEN(0,10) -> 5 | T88: =RANDBETWEEN(0,10) -> 4 | U88: =RANDBETWEEN(10,30) -> 16 | V88: =SUM(W88:Y88) -> 2 | W88: =RANDBETWEEN(0,2) -> 0 | X88: =RANDBETWEEN(0,2) -> 2 | Y88: =RANDBETWEEN(0,2) -> 0 | Z88: =AA88+AB88 -> 2 | AA88: =RANDBETWEEN(0,2) -> 1 | AB88: =RANDBETWEEN(0,2) -> 1 | AC88: =RANDBETWEEN(0,2) -> 2 | AD88: =RANDBETWEEN(0,2) -> 2 | AE88: =RANDBETWEEN(0,2) -> 0 | AF88: =RANDBETWEEN(0,2) -> 2 | AG88: =SUM(AC88:AF88) -> 6 | AH88: =RANDBETWEEN(1,10) -> 10 | AI88: =RANDBETWEEN(1,10) -> 9 | AJ88: =RANDBETWEEN(1,10) -> 2 | AK88: =SUM(AH88:AJ88) -> 21 | AY88: =RANDBETWEEN(1,10)/10 -> 0.3 | AZ88: =RANDBETWEEN(1,10)/10 -> 1 | BA88: 0 | BB88: 0 | BC88: =SUM(BC60,'ГОЧ'!$AY88) -> 1201.3 | BD88: =SUM(BD60,'ГОЧ'!$AZ88) -> 1202.6
A89: =A88 -> 46257 | B89: 12 АК | C89: =SUM(D89,F89) -> 0 | D89: 0 | E89: 0 | F89: 0 | G89: 0 | H89: 0 | I89: 0 | J89: 0 | K89: 0 | L89: 0 | M89: =SUM(N89:T89) -> 0 | N89: 0 | O89: 0 | P89: 0 | Q89: 0 | R89: 0 | S89: 0 | T89: 0 | U89: 0 | V89: =SUM(W89:Y89) -> 0 | W89: 0 | X89: 0 | Y89: 0 | Z89: =AA89+AB89 -> 0 | AA89: 0 | AB89: 0 | AC89: 0 | AD89: 0 | AE89: 0 | AF89: 0 | AG89: =SUM(AC89:AF89) -> 0 | AH89: 0 | AI89: 0 | AJ89: 0 | AK89: =SUM(AH89:AJ89) -> 0 | AY89: =SUM(AY87:AY88) -> 1.3 | AZ89: =SUM(AZ87:AZ88) -> 1.6 | BA89: =SUM(BA87:BA88) -> 0 | BB89: =SUM(BB87:BB88) -> 0 | BC89: =SUM(BC87:BC88) -> 2403.6 | BD89: =SUM(BD87:BD88) -> 2404.9
A90: =A89 -> 46257 | B90: 15 АК | C90: =SUM(D90,F90) -> 0 | D90: =RANDBETWEEN(0,2) -> 0 | E90: =RANDBETWEEN(0,2) -> 0 | F90: =RANDBETWEEN(0,2) -> 0 | G90: =RANDBETWEEN(0,2) -> 1 | H90: =RANDBETWEEN(0,2) -> 0 | I90: =RANDBETWEEN(0,2) -> 0 | J90: =RANDBETWEEN(0,2) -> 2 | K90: =RANDBETWEEN(0,2) -> 1 | L90: =RANDBETWEEN(0,2) -> 1 | M90: =SUM(N90:T90) -> 33 | N90: =RANDBETWEEN(0,10) -> 2 | O90: =RANDBETWEEN(0,10) -> 7 | P90: =RANDBETWEEN(0,10) -> 2 | Q90: =RANDBETWEEN(0,10) -> 6 | R90: =RANDBETWEEN(0,10) -> 9 | S90: =RANDBETWEEN(0,10) -> 2 | T90: =RANDBETWEEN(0,10) -> 5 | U90: =RANDBETWEEN(10,30) -> 13 | V90: =SUM(W90:Y90) -> 2 | W90: =RANDBETWEEN(0,2) -> 0 | X90: =RANDBETWEEN(0,2) -> 0 | Y90: =RANDBETWEEN(0,2) -> 2 | Z90: =SUM(AA90:AB90) -> 3 | AA90: =RANDBETWEEN(0,2) -> 2 | AB90: =RANDBETWEEN(0,2) -> 1 | AC90: =RANDBETWEEN(0,2) -> 1 | AD90: =RANDBETWEEN(0,2) -> 0 | AE90: =RANDBETWEEN(0,2) -> 0 | AF90: =RANDBETWEEN(0,2) -> 1 | AG90: =SUM(AC90:AF90) -> 2 | AH90: =RANDBETWEEN(1,10) -> 1 | AI90: =RANDBETWEEN(1,10) -> 4 | AJ90: =RANDBETWEEN(1,10) -> 8 | AK90: =SUM(AH90:AJ90) -> 13 | AY90: =RANDBETWEEN(1,10)/10 -> 0.2 | AZ90: =RANDBETWEEN(1,10)/10 -> 0.8 | BA90: 0 | BB90: 0 | BC90: =SUM(BC62,'ГОЧ'!$AY90) -> 1201.6 | BD90: =SUM(BD62,'ГОЧ'!$AZ90) -> 1201.9
A91: =A90 -> 46257 | B91: 18 АК | C91: =SUM(D91,F91) -> 2 | D91: =RANDBETWEEN(0,2) -> 0 | E91: =RANDBETWEEN(0,2) -> 2 | F91: =RANDBETWEEN(0,2) -> 2 | G91: =RANDBETWEEN(0,2) -> 1 | H91: =RANDBETWEEN(0,2) -> 0 | I91: =RANDBETWEEN(0,2) -> 2 | J91: =RANDBETWEEN(0,2) -> 0 | K91: =RANDBETWEEN(0,2) -> 1 | L91: =RANDBETWEEN(0,2) -> 1 | M91: =SUM(N91:T91) -> 37 | N91: =RANDBETWEEN(0,10) -> 5 | O91: =RANDBETWEEN(0,10) -> 2 | P91: =RANDBETWEEN(0,10) -> 7 | Q91: =RANDBETWEEN(0,10) -> 8 | R91: =RANDBETWEEN(0,10) -> 2 | S91: =RANDBETWEEN(0,10) -> 4 | T91: =RANDBETWEEN(0,10) -> 9 | U91: =RANDBETWEEN(10,30) -> 14 | V91: =SUM(W91:Y91) -> 2 | W91: =RANDBETWEEN(0,2) -> 0 | X91: =RANDBETWEEN(0,2) -> 2 | Y91: =RANDBETWEEN(0,2) -> 0 | Z91: =SUM(AA91:AB91) -> 1 | AA91: =RANDBETWEEN(0,2) -> 1 | AB91: =RANDBETWEEN(0,2) -> 0 | AC91: =RANDBETWEEN(0,2) -> 0 | AD91: =RANDBETWEEN(0,2) -> 2 | AE91: =RANDBETWEEN(0,2) -> 1 | AF91: =RANDBETWEEN(0,2) -> 0 | AG91: =SUM(AC91:AF91) -> 3 | AH91: =RANDBETWEEN(1,10) -> 2 | AI91: =RANDBETWEEN(1,10) -> 1 | AJ91: =RANDBETWEEN(1,10) -> 3 | AK91: =SUM(AH91:AJ91) -> 6 | AY91: =RANDBETWEEN(1,10)/10 -> 0.3 | AZ91: =RANDBETWEEN(1,10)/10 -> 0.8 | BA91: 0 | BB91: 0 | BC91: =SUM(BC63,'ГОЧ'!$AY91) -> 1201.4 | BD91: =SUM(BD63,'ГОЧ'!$AZ91) -> 1201.8
A92: =A91 -> 46257 | B92: УВ (с) "Північ" | C92: =SUM(D92,F92) -> 2 | D92: =SUM(D90:D91) -> 0 | E92: =SUM(E90:E91) -> 2 | F92: =SUM(F90:F91) -> 2 | G92: =SUM(G90:G91) -> 2 | H92: =SUM(H90:H91) -> 0 | I92: =SUM(I90:I91) -> 2 | J92: =SUM(J90:J91) -> 2 | K92: =SUM(K90:K91) -> 2 | L92: =SUM(L90:L91) -> 2 | M92: =SUM(N92:T92) -> 59 | N92: =SUM(N90:N91) -> 7 | O92: =SUM(O90:O91) -> 9 | P92: =SUM(P90:P91) -> 9 | Q92: =SUM(Q90:Q91) -> 14 | R92: 0 | S92: =SUM(S90:S91) -> 6 | T92: =SUM(T90:T91) -> 14 | U92: =SUM(U90:U91) -> 27 | V92: =SUM(W92:Y92) -> 4 | W92: =SUM(W90:W91) -> 0 | X92: =SUM(X90:X91) -> 2 | Y92: =SUM(Y90:Y91) -> 2 | Z92: =SUM(AA92:AB92) -> 4 | AA92: =SUM(AA90:AA91) -> 3 | AB92: =SUM(AB90:AB91) -> 1 | AC92: =SUM(AC90:AC91) -> 1 | AD92: =SUM(AD90:AD91) -> 2 | AE92: =SUM(AE90:AE91) -> 1 | AF92: =SUM(AF90:AF91) -> 1 | AG92: =SUM(AC92:AF92) -> 5 | AH92: =SUM(AH90:AH91) -> 3 | AI92: =SUM(AI90:AI91) -> 5 | AJ92: =SUM(AJ90:AJ91) -> 11 | AK92: =SUM(AH92:AJ92) -> 19 | AY92: =SUM(AY90:AY91) -> 0.5 | AZ92: =SUM(AZ90:AZ91) -> 1.6 | BA92: =SUM(BA90:BA91) -> 0 | BB92: =SUM(BB90:BB91) -> 0 | BC92: =SUM(BC90:BC91) -> 2403 | BD92: =SUM(BD90:BD91) -> 2403.7 | BE92: =TEXTJOIN(", ",TRUE,BE90:BE91) | BF92: =TEXTJOIN(", ",TRUE,BF90:BF91)
A93: =A92 -> 46257 | B93: УВ "Курськ" | C93: =SUM(D93,F93) -> 5 | D93: 3 | E93: 0 | F93: 2 | G93: 2 | H93: 0 | I93: 0 | J93: 1 | K93: 1 | L93: 0 | M93: =SUM(N93:T93) -> 38 | N93: 0 | O93: 0 | P93: 0 | Q93: 9 | R93: 0 | S93: 0 | T93: 29 | U93: 7 | V93: =W93+X93+Y93 -> 0 | W93: 0 | X93: 0 | Y93: 0 | Z93: =SUM(AA93:AB93) -> 0 | AA93: 0 | AB93: 0 | AC93: 0 | AD93: 1 | AE93: 0 | AF93: 0 | AG93: =SUM(AC93:AF93) -> 1 | AH93: 6 | AI93: 5 | AJ93: 0 | AK93: =SUM(AH93:AJ93) -> 11 | AY93: =RANDBETWEEN(1,10) -> 9 | AZ93: =RANDBETWEEN(1,10) -> 8 | BA93: 2 | BB93: 0 | BC93: 1 | BD93: 2 | BE93: Курськ, Рильск
A94: =A93 -> 46257 | B94: 14 АК | C94: =SUM(D94,F94) -> 2 | D94: =RANDBETWEEN(0,2) -> 2 | E94: =RANDBETWEEN(0,2) -> 1 | F94: =RANDBETWEEN(0,2) -> 0 | G94: =RANDBETWEEN(0,2) -> 2 | H94: =RANDBETWEEN(0,2) -> 0 | I94: =RANDBETWEEN(0,2) -> 0 | J94: =RANDBETWEEN(0,2) -> 2 | K94: =RANDBETWEEN(0,2) -> 0 | L94: =RANDBETWEEN(0,2) -> 1 | M94: =SUM(N94:T94) -> 27 | N94: =RANDBETWEEN(0,10) -> 5 | O94: =RANDBETWEEN(0,10) -> 2 | P94: =RANDBETWEEN(0,10) -> 0 | Q94: =RANDBETWEEN(0,10) -> 0 | R94: =RANDBETWEEN(0,10) -> 9 | S94: =RANDBETWEEN(0,10) -> 6 | T94: =RANDBETWEEN(0,10) -> 5 | U94: =RANDBETWEEN(10,30) -> 19 | V94: =W94+X94+Y94 -> 3 | W94: =RANDBETWEEN(0,2) -> 2 | X94: =RANDBETWEEN(0,2) -> 1 | Y94: =RANDBETWEEN(0,2) -> 0 | Z94: =AA94+AB94 -> 4 | AA94: =RANDBETWEEN(0,2) -> 2 | AB94: =RANDBETWEEN(0,2) -> 2 | AC94: =RANDBETWEEN(0,2) -> 1 | AD94: =RANDBETWEEN(0,2) -> 0 | AE94: =RANDBETWEEN(0,2) -> 0 | AF94: =RANDBETWEEN(0,2) -> 0 | AG94: =SUM(AC94:AF94) -> 1 | AH94: =RANDBETWEEN(1,10) -> 7 | AI94: =RANDBETWEEN(1,10) -> 5 | AJ94: =RANDBETWEEN(1,10) -> 5 | AK94: =SUM(AH94:AJ94) -> 17 | AY94: =RANDBETWEEN(1,10)/10 -> 0.8 | AZ94: =RANDBETWEEN(1,10)/10 -> 0.2 | BA94: 1 | BB94: 0 | BC94: =SUM(BC66,'ГОЧ'!$AY94) -> 1202.2 | BD94: =SUM(BD66,'ГОЧ'!$AZ94) -> 1201.8 | BE94: Олександівка
A95: =A94 -> 46257 | B95: 2 КНГУ "Хартія" | C95: =SUM(D95,F95) -> 2 | D95: =RANDBETWEEN(0,2) -> 0 | E95: =RANDBETWEEN(0,2) -> 1 | F95: =RANDBETWEEN(0,2) -> 2 | G95: =RANDBETWEEN(0,2) -> 2 | H95: =RANDBETWEEN(0,2) -> 0 | I95: =RANDBETWEEN(0,2) -> 1 | J95: =RANDBETWEEN(0,2) -> 1 | K95: =RANDBETWEEN(0,2) -> 2 | L95: =RANDBETWEEN(0,2) -> 2 | M95: =SUM(N95:T95) -> 38 | N95: =RANDBETWEEN(0,10) -> 6 | O95: =RANDBETWEEN(0,10) -> 2 | P95: =RANDBETWEEN(0,10) -> 6 | Q95: =RANDBETWEEN(0,10) -> 9 | R95: =RANDBETWEEN(0,10) -> 10 | S95: =RANDBETWEEN(0,10) -> 3 | T95: =RANDBETWEEN(0,10) -> 2 | U95: =RANDBETWEEN(10,30) -> 21 | V95: =W95+X95+Y95 -> 5 | W95: =RANDBETWEEN(0,2) -> 2 | X95: =RANDBETWEEN(0,2) -> 1 | Y95: =RANDBETWEEN(0,2) -> 2 | Z95: =AA95+AB95 -> 4 | AA95: =RANDBETWEEN(0,2) -> 2 | AB95: =RANDBETWEEN(0,2) -> 2 | AC95: =RANDBETWEEN(0,2) -> 2 | AD95: =RANDBETWEEN(0,2) -> 1 | AE95: =RANDBETWEEN(0,2) -> 0 | AF95: =RANDBETWEEN(0,2) -> 0 | AG95: =SUM(AC95:AF95) -> 3 | AH95: =RANDBETWEEN(1,10) -> 10 | AI95: =RANDBETWEEN(1,10) -> 3 | AJ95: =RANDBETWEEN(1,10) -> 4 | AK95: =SUM(AH95:AJ95) -> 17 | AY95: =RANDBETWEEN(1,10)/10 -> 0.9 | AZ95: =RANDBETWEEN(1,10)/10 -> 0.4 | BA95: 1 | BB95: 2 | BC95: =SUM(BC67,'ГОЧ'!$AY95) -> 1202.6 | BD95: =SUM(BD67,'ГОЧ'!$AZ95) -> 1201.9 | BE95: Пантелеймонівка | BF95: Загреблі, Верхні води
A96: =A95 -> 46257 | B96: 16 АК | C96: =SUM(D96,F96) -> 0 | D96: =RANDBETWEEN(0,2) -> 0 | E96: =RANDBETWEEN(0,2) -> 0 | F96: =RANDBETWEEN(0,2) -> 0 | G96: =RANDBETWEEN(0,2) -> 1 | H96: =RANDBETWEEN(0,2) -> 2 | I96: =RANDBETWEEN(0,2) -> 0 | J96: =RANDBETWEEN(0,2) -> 0 | K96: =RANDBETWEEN(0,2) -> 1 | L96: =RANDBETWEEN(0,2) -> 0 | M96: =SUM(N96:T96) -> 15 | N96: =RANDBETWEEN(0,10) -> 0 | O96: =RANDBETWEEN(0,10) -> 1 | P96: =RANDBETWEEN(0,10) -> 6 | Q96: =RANDBETWEEN(0,10) -> 0 | R96: =RANDBETWEEN(0,10) -> 0 | S96: =RANDBETWEEN(0,10) -> 0 | T96: =RANDBETWEEN(0,10) -> 8 | U96: =RANDBETWEEN(10,30) -> 14 | V96: =W96+X96+Y96 -> 3 | W96: =RANDBETWEEN(0,2) -> 0 | X96: =RANDBETWEEN(0,2) -> 2 | Y96: =RANDBETWEEN(0,2) -> 1 | Z96: =AA96+AB96 -> 3 | AA96: =RANDBETWEEN(0,2) -> 1 | AB96: =RANDBETWEEN(0,2) -> 2 | AC96: =RANDBETWEEN(0,2) -> 2 | AD96: =RANDBETWEEN(0,2) -> 1 | AE96: =RANDBETWEEN(0,2) -> 0 | AF96: =RANDBETWEEN(0,2) -> 2 | AG96: =SUM(AC96:AF96) -> 5 | AH96: =RANDBETWEEN(1,10) -> 2 | AI96: =RANDBETWEEN(1,10) -> 4 | AJ96: =RANDBETWEEN(1,10) -> 2 | AK96: =SUM(AH96:AJ96) -> 8 | AY96: =RANDBETWEEN(1,10)/10 -> 1 | AZ96: =RANDBETWEEN(1,10)/10 -> 0.5 | BA96: 0 | BB96: 0 | BC96: =SUM(BC68,'ГОЧ'!$AY96) -> 1201.8 | BD96: =SUM(BD68,'ГОЧ'!$AZ96) -> 1201.1
A97: =A96 -> 46257 | B97: 10 АК | C97: =SUM(D97,F97) -> 3 | D97: =RANDBETWEEN(0,2) -> 1 | E97: =RANDBETWEEN(0,2) -> 2 | F97: =RANDBETWEEN(0,2) -> 2 | G97: =RANDBETWEEN(0,2) -> 2 | H97: =RANDBETWEEN(0,2) -> 1 | I97: =RANDBETWEEN(0,2) -> 2 | J97: =RANDBETWEEN(0,2) -> 1 | K97: =RANDBETWEEN(0,2) -> 1 | L97: =RANDBETWEEN(0,2) -> 1 | M97: =SUM(N97:T97) -> 41 | N97: =RANDBETWEEN(0,10) -> 10 | O97: =RANDBETWEEN(0,10) -> 2 | P97: =RANDBETWEEN(0,10) -> 3 | Q97: =RANDBETWEEN(0,10) -> 7 | R97: =RANDBETWEEN(0,10) -> 6 | S97: =RANDBETWEEN(0,10) -> 4 | T97: =RANDBETWEEN(0,10) -> 9 | U97: =RANDBETWEEN(10,30) -> 10 | V97: =W97+X97+Y97 -> 3 | W97: =RANDBETWEEN(0,2) -> 1 | X97: =RANDBETWEEN(0,2) -> 2 | Y97: =RANDBETWEEN(0,2) -> 0 | Z97: =AA97+AB97 -> 1 | AA97: =RANDBETWEEN(0,2) -> 0 | AB97: =RANDBETWEEN(0,2) -> 1 | AC97: =RANDBETWEEN(0,2) -> 0 | AD97: =RANDBETWEEN(0,2) -> 2 | AE97: =RANDBETWEEN(0,2) -> 1 | AF97: =RANDBETWEEN(0,2) -> 0 | AG97: =SUM(AC97:AF97) -> 3 | AH97: =RANDBETWEEN(1,10) -> 2 | AI97: =RANDBETWEEN(1,10) -> 9 | AJ97: =RANDBETWEEN(1,10) -> 4 | AK97: =SUM(AH97:AJ97) -> 15 | AY97: =RANDBETWEEN(1,10)/10 -> 0.1 | AZ97: =RANDBETWEEN(1,10)/10 -> 0.2 | BA97: 1 | BB97: 0 | BC97: =SUM(BC69,'ГОЧ'!$AY97) -> 1201.6 | BD97: =SUM(BD69,'ГОЧ'!$AZ97) -> 1201.7 | BE97: Миколаївка
A98: =A97 -> 46257 | B98: 3 АК | C98: =SUM(D98,F98) -> 2 | D98: =RANDBETWEEN(0,2) -> 1 | E98: =RANDBETWEEN(0,2) -> 0 | F98: =RANDBETWEEN(0,2) -> 1 | G98: =RANDBETWEEN(0,2) -> 2 | H98: =RANDBETWEEN(0,2) -> 2 | I98: =RANDBETWEEN(0,2) -> 1 | J98: =RANDBETWEEN(0,2) -> 0 | K98: =RANDBETWEEN(0,2) -> 1 | L98: =RANDBETWEEN(0,2) -> 2 | M98: =SUM(N98:T98) -> 28 | N98: =RANDBETWEEN(0,10) -> 3 | O98: =RANDBETWEEN(0,10) -> 1 | P98: =RANDBETWEEN(0,10) -> 7 | Q98: =RANDBETWEEN(0,10) -> 2 | R98: =RANDBETWEEN(0,10) -> 10 | S98: =RANDBETWEEN(0,10) -> 5 | T98: =RANDBETWEEN(0,10) -> 0 | U98: =RANDBETWEEN(10,30) -> 15 | V98: =W98+X98+Y98 -> 5 | W98: =RANDBETWEEN(0,2) -> 2 | X98: =RANDBETWEEN(0,2) -> 2 | Y98: =RANDBETWEEN(0,2) -> 1 | Z98: =AA98+AB98 -> 1 | AA98: =RANDBETWEEN(0,2) -> 1 | AB98: =RANDBETWEEN(0,2) -> 0 | AC98: =RANDBETWEEN(0,2) -> 1 | AD98: =RANDBETWEEN(0,2) -> 2 | AE98: =RANDBETWEEN(0,2) -> 1 | AF98: =RANDBETWEEN(0,2) -> 1 | AG98: =SUM(AC98:AF98) -> 5 | AH98: =RANDBETWEEN(1,10) -> 10 | AI98: =RANDBETWEEN(1,10) -> 2 | AJ98: =RANDBETWEEN(1,10) -> 9 | AK98: =SUM(AH98:AJ98) -> 21 | AY98: =RANDBETWEEN(1,10)/10 -> 0.5 | AZ98: =RANDBETWEEN(1,10)/10 -> 0.5 | BA98: 0 | BB98: 1 | BC98: =SUM(BC70,'ГОЧ'!$AY98) -> 1201 | BD98: =SUM(BD70,'ГОЧ'!$AZ98) -> 1200.8 | BF98: Ступочки
A99: =A98 -> 46257 | B99: УОС | C99: =SUM(D99,F99) -> 9 | D99: =D94+D95+D96+D97+D98 -> 4 | E99: =E94+E95+E96+E97+E98 -> 4 | F99: =F94+F95+F96+F97+F98 -> 5 | G99: =G94+G95+G96+G97+G98 -> 9 | H99: =H94+H95+H96+H97+H98 -> 5 | I99: =I94+I95+I96+I97+I98 -> 4 | J99: =J94+J95+J96+J97+J98 -> 4 | K99: =K94+K95+K96+K97+K98 -> 5 | L99: =L94+L95+L96+L97+L98 -> 6 | M99: =SUM(N99:T99) -> 149 | N99: =N94+N95+N96+N97+N98 -> 24 | O99: =O94+O95+O96+O97+O98 -> 8 | P99: =P94+P95+P96+P97+P98 -> 22 | Q99: =Q94+Q95+Q96+Q97+Q98 -> 18 | R99: =R94+R95+R96+R97+R98 -> 35 | S99: =S94+S95+S96+S97+S98 -> 18 | T99: =T94+T95+T96+T97+T98 -> 24 | U99: =U94+U95+U96+U97+U98 -> 79 | V99: =W99+X99+Y99 -> 19 | W99: =W94+W95+W96+W97+W98 -> 7 | X99: =X94+X95+X96+X97+X98 -> 8 | Y99: =Y94+Y95+Y96+Y97+Y98 -> 4 | Z99: =AA99+AB99 -> 13 | AA99: =AA94+AA95+AA96+AA97+AA98 -> 6 | AB99: =AB94+AB95+AB96+AB97+AB98 -> 7 | AC99: =AC94+AC95+AC96+AC97+AC98 -> 6 | AD99: =AE94+AD95+AD96+AD97+AD98 -> 6 | AE99: =AE94+AE95+AE96+AE97+AE98 -> 2 | AF99: =AF94+AF95+AF96+AF97+AF98 -> 3 | AG99: =SUM(AC99:AF99) -> 17 | AH99: =AH94+AH95+AH96+AH97+AH98 -> 31 | AI99: =AI94+AI95+AI96+AI97+AI98 -> 23 | AJ99: =AJ94+AJ95+AJ96+AJ97+AJ98 -> 24 | AK99: =SUM(AH99:AJ99) -> 78 | AY99: =AY94+AY95+AY96+AY97+AY98 -> 3.3 | AZ99: =AZ94+AZ95+AZ96+AZ97+AZ98 -> 1.8 | BA99: =BA94+BA95+BA96+BA97+BA98 -> 3 | BB99: =BB94+BB95+BB96+BB97+BB98 -> 3 | BC99: =BC94+BC95+BC96+BC97+BC98 -> 6009.2 | BD99: =BD94+BD95+BD96+BD97+BD98 -> 6007.3 | BE99: =TEXTJOIN(", ",TRUE,BE94:BE98) -> Олександівка, Пантелеймонівка, Миколаївка | BF99: =TEXTJOIN(", ",TRUE,BF94:BF98) -> Загреблі, Верхні води, Ступочки
A100: =A99 -> 46257 | B100: 11 АК | C100: =SUM(D100,F100) -> 1 | D100: =RANDBETWEEN(0,2) -> 1 | E100: =RANDBETWEEN(0,2) -> 2 | F100: =RANDBETWEEN(0,2) -> 0 | G100: =RANDBETWEEN(0,2) -> 0 | H100: =RANDBETWEEN(0,2) -> 1 | I100: =RANDBETWEEN(0,2) -> 2 | J100: =RANDBETWEEN(0,2) -> 2 | K100: =RANDBETWEEN(0,2) -> 0 | L100: =RANDBETWEEN(0,2) -> 1 | M100: =SUM(N100:T100) -> 35 | N100: =RANDBETWEEN(0,10) -> 6 | O100: =RANDBETWEEN(0,10) -> 6 | P100: =RANDBETWEEN(0,10) -> 0 | Q100: =RANDBETWEEN(0,10) -> 6 | R100: =RANDBETWEEN(0,10) -> 7 | S100: =RANDBETWEEN(0,10) -> 9 | T100: =RANDBETWEEN(0,10) -> 1 | U100: =RANDBETWEEN(10,30) -> 21 | V100: =W100+X100+Y100 -> 4 | W100: =RANDBETWEEN(0,2) -> 0 | X100: =RANDBETWEEN(0,2) -> 2 | Y100: =RANDBETWEEN(0,2) -> 2 | Z100: =AA100+AB100 -> 1 | AA100: =RANDBETWEEN(0,2) -> 1 | AB100: =RANDBETWEEN(0,2) -> 0 | AC100: =RANDBETWEEN(0,2) -> 0 | AD100: =RANDBETWEEN(0,2) -> 0 | AE100: =RANDBETWEEN(0,2) -> 2 | AF100: =RANDBETWEEN(0,2) -> 2 | AG100: =SUM(AC100:AF100) -> 4 | AH100: =RANDBETWEEN(1,10) -> 2 | AI100: =RANDBETWEEN(1,10) -> 7 | AJ100: =RANDBETWEEN(1,10) -> 10 | AK100: =SUM(AH100:AJ100) -> 19 | AY100: =RANDBETWEEN(1,10)/10 -> 0.4 | AZ100: =RANDBETWEEN(1,10)/10 -> 0.6 | BA100: 0 | BB100: 0 | BC100: =SUM(BC72,'ГОЧ'!$AY100) -> 1200.7 | BD100: =SUM(BD72,'ГОЧ'!$AZ100) -> 1202.3
...

Sheet Втрати ЗСУ
A1: Дата | B1: Угруповання | C1: безповоротні_доба | D1: санітарні_доба | E1: полон_доба | F1: зниклі_безвісті_доба | G1: ВСЬОГО_доба | H1: безповоротні_рік | I1: санітарні_рік | J1: полон_рік | K1: зниклі_безвісті_рік | L1: ВСЬОГО_рік | M1: безповоротні_всього | N1: санітарні_всього | O1: полон_всього | P1: зниклі_безвісті_всього | Q1: ВСЬОГО_всього
A2: 46022 | B2: ВСЬОГО за СО: | C2: =RANDBETWEEN(1,10) -> 9 | D2: =RANDBETWEEN(1,10) -> 1 | E2: =RANDBETWEEN(1,10) -> 10 | F2: =RANDBETWEEN(1,10) -> 5 | M2: 10000 | N2: 11000 | O2: 9000 | P2: 8000 | Q2: =SUM('Втрати ЗСУ'!$M2:$P2) -> 38000
A3: 46023 | B3: ВСЬОГО за СО: | C3: =RANDBETWEEN(1,10) -> 2 | D3: =RANDBETWEEN(1,10) -> 6 | E3: =RANDBETWEEN(1,10) -> 8 | F3: =RANDBETWEEN(1,10) -> 2 | G3: =SUM('Втрати ЗСУ'!$C3:$F3) -> 18 | H3: =H2+'Втрати ЗСУ'!$C3 -> 2 | I3: =I2+'Втрати ЗСУ'!$D3 -> 6 | J3: =J2+'Втрати ЗСУ'!$E3 -> 8 | K3: =K2+'Втрати ЗСУ'!$F3 -> 2 | L3: =SUM('Втрати ЗСУ'!$H3:$K3) -> 18 | M3: =M2+'Втрати ЗСУ'!$C3 -> 10002 | N3: =N2+'Втрати ЗСУ'!$D3 -> 11006 | O3: =O2+'Втрати ЗСУ'!$E3 -> 9008 | P3: =P2+'Втрати ЗСУ'!$F3 -> 8002 | Q3: =SUM('Втрати ЗСУ'!$M3:$P3) -> 38018
A4: 46024 | B4: ВСЬОГО за СО: | C4: =RANDBETWEEN(1,10) -> 10 | D4: =RANDBETWEEN(1,10) -> 9 | E4: =RANDBETWEEN(1,10) -> 9 | F4: =RANDBETWEEN(1,10) -> 10 | G4: =SUM('Втрати ЗСУ'!$C4:$F4) -> 38 | H4: =H3+'Втрати ЗСУ'!$C4 -> 12 | I4: =I3+'Втрати ЗСУ'!$D4 -> 15 | J4: =J3+'Втрати ЗСУ'!$E4 -> 17 | K4: =K3+'Втрати ЗСУ'!$F4 -> 12 | L4: =SUM('Втрати ЗСУ'!$H4:$K4) -> 56 | M4: =M3+'Втрати ЗСУ'!$C4 -> 10012 | N4: =N3+'Втрати ЗСУ'!$D4 -> 11015 | O4: =O3+'Втрати ЗСУ'!$E4 -> 9017 | P4: =P3+'Втрати ЗСУ'!$F4 -> 8012 | Q4: =SUM('Втрати ЗСУ'!$M4:$P4) -> 38056
A5: 46025 | B5: ВСЬОГО за СО: | C5: =RANDBETWEEN(1,10) -> 1 | D5: =RANDBETWEEN(1,10) -> 8 | E5: =RANDBETWEEN(1,10) -> 1 | F5: =RANDBETWEEN(1,10) -> 3 | G5: =SUM('Втрати ЗСУ'!$C5:$F5) -> 13 | H5: =H4+'Втрати ЗСУ'!$C5 -> 13 | I5: =I4+'Втрати ЗСУ'!$D5 -> 23 | J5: =J4+'Втрати ЗСУ'!$E5 -> 18 | K5: =K4+'Втрати ЗСУ'!$F5 -> 15 | L5: =SUM('Втрати ЗСУ'!$H5:$K5) -> 69 | M5: =M4+'Втрати ЗСУ'!$C5 -> 10013 | N5: =N4+'Втрати ЗСУ'!$D5 -> 11023 | O5: =O4+'Втрати ЗСУ'!$E5 -> 9018 | P5: =P4+'Втрати ЗСУ'!$F5 -> 8015 | Q5: =SUM('Втрати ЗСУ'!$M5:$P5) -> 38069
A6: 46026 | B6: ВСЬОГО за СО: | C6: =RANDBETWEEN(1,10) -> 5 | D6: =RANDBETWEEN(1,10) -> 3 | E6: =RANDBETWEEN(1,10) -> 6 | F6: =RANDBETWEEN(1,10) -> 3 | G6: =SUM('Втрати ЗСУ'!$C6:$F6) -> 17 | H6: =H5+'Втрати ЗСУ'!$C6 -> 18 | I6: =I5+'Втрати ЗСУ'!$D6 -> 26 | J6: =J5+'Втрати ЗСУ'!$E6 -> 24 | K6: =K5+'Втрати ЗСУ'!$F6 -> 18 | L6: =SUM('Втрати ЗСУ'!$H6:$K6) -> 86 | M6: =M5+'Втрати ЗСУ'!$C6 -> 10018 | N6: =N5+'Втрати ЗСУ'!$D6 -> 11026 | O6: =O5+'Втрати ЗСУ'!$E6 -> 9024 | P6: =P5+'Втрати ЗСУ'!$F6 -> 8018 | Q6: =SUM('Втрати ЗСУ'!$M6:$P6) -> 38086
A7: 46027 | B7: ВСЬОГО за СО: | C7: =RANDBETWEEN(1,10) -> 7 | D7: =RANDBETWEEN(1,10) -> 3 | E7: =RANDBETWEEN(1,10) -> 1 | F7: =RANDBETWEEN(1,10) -> 10 | G7: =SUM('Втрати ЗСУ'!$C7:$F7) -> 21 | H7: =H6+'Втрати ЗСУ'!$C7 -> 25 | I7: =I6+'Втрати ЗСУ'!$D7 -> 29 | J7: =J6+'Втрати ЗСУ'!$E7 -> 25 | K7: =K6+'Втрати ЗСУ'!$F7 -> 28 | L7: =SUM('Втрати ЗСУ'!$H7:$K7) -> 107 | M7: =M6+'Втрати ЗСУ'!$C7 -> 10025 | N7: =N6+'Втрати ЗСУ'!$D7 -> 11029 | O7: =O6+'Втрати ЗСУ'!$E7 -> 9025 | P7: =P6+'Втрати ЗСУ'!$F7 -> 8028 | Q7: =SUM('Втрати ЗСУ'!$M7:$P7) -> 38107
A8: 46028 | B8: ВСЬОГО за СО: | C8: =RANDBETWEEN(1,10) -> 9 | D8: =RANDBETWEEN(1,10) -> 1 | E8: =RANDBETWEEN(1,10) -> 1 | F8: =RANDBETWEEN(1,10) -> 3 | G8: =SUM('Втрати ЗСУ'!$C8:$F8) -> 14 | H8: =H7+'Втрати ЗСУ'!$C8 -> 34 | I8: =I7+'Втрати ЗСУ'!$D8 -> 30 | J8: =J7+'Втрати ЗСУ'!$E8 -> 26 | K8: =K7+'Втрати ЗСУ'!$F8 -> 31 | L8: =SUM('Втрати ЗСУ'!$H8:$K8) -> 121 | M8: =M7+'Втрати ЗСУ'!$C8 -> 10034 | N8: =N7+'Втрати ЗСУ'!$D8 -> 11030 | O8: =O7+'Втрати ЗСУ'!$E8 -> 9026 | P8: =P7+'Втрати ЗСУ'!$F8 -> 8031 | Q8: =SUM('Втрати ЗСУ'!$M8:$P8) -> 38121
A9: 46029 | B9: ВСЬОГО за СО: | C9: =RANDBETWEEN(1,10) -> 7 | D9: =RANDBETWEEN(1,10) -> 2 | E9: =RANDBETWEEN(1,10) -> 10 | F9: =RANDBETWEEN(1,10) -> 10 | G9: =SUM('Втрати ЗСУ'!$C9:$F9) -> 29 | H9: =H8+'Втрати ЗСУ'!$C9 -> 41 | I9: =I8+'Втрати ЗСУ'!$D9 -> 32 | J9: =J8+'Втрати ЗСУ'!$E9 -> 36 | K9: =K8+'Втрати ЗСУ'!$F9 -> 41 | L9: =SUM('Втрати ЗСУ'!$H9:$K9) -> 150 | M9: =M8+'Втрати ЗСУ'!$C9 -> 10041 | N9: =N8+'Втрати ЗСУ'!$D9 -> 11032 | O9: =O8+'Втрати ЗСУ'!$E9 -> 9036 | P9: =P8+'Втрати ЗСУ'!$F9 -> 8041 | Q9: =SUM('Втрати ЗСУ'!$M9:$P9) -> 38150
A10: 46030 | B10: ВСЬОГО за СО: | C10: =RANDBETWEEN(1,10) -> 9 | D10: =RANDBETWEEN(1,10) -> 8 | E10: =RANDBETWEEN(1,10) -> 8 | F10: =RANDBETWEEN(1,10) -> 4 | G10: =SUM('Втрати ЗСУ'!$C10:$F10) -> 29 | H10: =H9+'Втрати ЗСУ'!$C10 -> 50 | I10: =I9+'Втрати ЗСУ'!$D10 -> 40 | J10: =J9+'Втрати ЗСУ'!$E10 -> 44 | K10: =K9+'Втрати ЗСУ'!$F10 -> 45 | L10: =SUM('Втрати ЗСУ'!$H10:$K10) -> 179 | M10: =M9+'Втрати ЗСУ'!$C10 -> 10050 | N10: =N9+'Втрати ЗСУ'!$D10 -> 11040 | O10: =O9+'Втрати ЗСУ'!$E10 -> 9044 | P10: =P9+'Втрати ЗСУ'!$F10 -> 8045 | Q10: =SUM('Втрати ЗСУ'!$M10:$P10) -> 38179
A11: 46031 | B11: ВСЬОГО за СО: | C11: =RANDBETWEEN(1,10) -> 7 | D11: =RANDBETWEEN(1,10) -> 1 | E11: =RANDBETWEEN(1,10) -> 10 | F11: =RANDBETWEEN(1,10) -> 1 | G11: =SUM('Втрати ЗСУ'!$C11:$F11) -> 19 | H11: =H10+'Втрати ЗСУ'!$C11 -> 57 | I11: =I10+'Втрати ЗСУ'!$D11 -> 41 | J11: =J10+'Втрати ЗСУ'!$E11 -> 54 | K11: =K10+'Втрати ЗСУ'!$F11 -> 46 | L11: =SUM('Втрати ЗСУ'!$H11:$K11) -> 198 | M11: =M10+'Втрати ЗСУ'!$C11 -> 10057 | N11: =N10+'Втрати ЗСУ'!$D11 -> 11041 | O11: =O10+'Втрати ЗСУ'!$E11 -> 9054 | P11: =P10+'Втрати ЗСУ'!$F11 -> 8046 | Q11: =SUM('Втрати ЗСУ'!$M11:$P11) -> 38198
A12: 46032 | B12: ВСЬОГО за СО: | C12: =RANDBETWEEN(1,10) -> 7 | D12: =RANDBETWEEN(1,10) -> 9 | E12: =RANDBETWEEN(1,10) -> 10 | F12: =RANDBETWEEN(1,10) -> 5 | G12: =SUM('Втрати ЗСУ'!$C12:$F12) -> 31 | H12: =H11+'Втрати ЗСУ'!$C12 -> 64 | I12: =I11+'Втрати ЗСУ'!$D12 -> 50 | J12: =J11+'Втрати ЗСУ'!$E12 -> 64 | K12: =K11+'Втрати ЗСУ'!$F12 -> 51 | L12: =SUM('Втрати ЗСУ'!$H12:$K12) -> 229 | M12: =M11+'Втрати ЗСУ'!$C12 -> 10064 | N12: =N11+'Втрати ЗСУ'!$D12 -> 11050 | O12: =O11+'Втрати ЗСУ'!$E12 -> 9064 | P12: =P11+'Втрати ЗСУ'!$F12 -> 8051 | Q12: =SUM('Втрати ЗСУ'!$M12:$P12) -> 38229
A13: 46033 | B13: ВСЬОГО за СО: | C13: =RANDBETWEEN(1,10) -> 5 | D13: =RANDBETWEEN(1,10) -> 8 | E13: =RANDBETWEEN(1,10) -> 7 | F13: =RANDBETWEEN(1,10) -> 9 | G13: =SUM('Втрати ЗСУ'!$C13:$F13) -> 29 | H13: =H12+'Втрати ЗСУ'!$C13 -> 69 | I13: =I12+'Втрати ЗСУ'!$D13 -> 58 | J13: =J12+'Втрати ЗСУ'!$E13 -> 71 | K13: =K12+'Втрати ЗСУ'!$F13 -> 60 | L13: =SUM('Втрати ЗСУ'!$H13:$K13) -> 258 | M13: =M12+'Втрати ЗСУ'!$C13 -> 10069 | N13: =N12+'Втрати ЗСУ'!$D13 -> 11058 | O13: =O12+'Втрати ЗСУ'!$E13 -> 9071 | P13: =P12+'Втрати ЗСУ'!$F13 -> 8060 | Q13: =SUM('Втрати ЗСУ'!$M13:$P13) -> 38258
A14: 46034 | B14: ВСЬОГО за СО: | C14: =RANDBETWEEN(1,10) -> 9 | D14: =RANDBETWEEN(1,10) -> 7 | E14: =RANDBETWEEN(1,10) -> 5 | F14: =RANDBETWEEN(1,10) -> 3 | G14: =SUM('Втрати ЗСУ'!$C14:$F14) -> 24 | H14: =H13+'Втрати ЗСУ'!$C14 -> 78 | I14: =I13+'Втрати ЗСУ'!$D14 -> 65 | J14: =J13+'Втрати ЗСУ'!$E14 -> 76 | K14: =K13+'Втрати ЗСУ'!$F14 -> 63 | L14: =SUM('Втрати ЗСУ'!$H14:$K14) -> 282 | M14: =M13+'Втрати ЗСУ'!$C14 -> 10078 | N14: =N13+'Втрати ЗСУ'!$D14 -> 11065 | O14: =O13+'Втрати ЗСУ'!$E14 -> 9076 | P14: =P13+'Втрати ЗСУ'!$F14 -> 8063 | Q14: =SUM('Втрати ЗСУ'!$M14:$P14) -> 38282
... A94: 46295 | B94: ВСЬОГО за СО: | C94: =RANDBETWEEN(1,10) -> 10 | D94: =RANDBETWEEN(1,10) -> 6 | E94: =RANDBETWEEN(1,10) -> 7 | F94: =RANDBETWEEN(1,10) -> 4 | G94: =SUM('Втрати ЗСУ'!$C94:$F94) -> 27 | H94: =H93+'Втрати ЗСУ'!$C94 -> 568 | I94: =I93+'Втрати ЗСУ'!$D94 -> 545 | J94: =J93+'Втрати ЗСУ'!$E94 -> 498 | K94: =K93+'Втрати ЗСУ'!$F94 -> 506 | L94: =SUM('Втрати ЗСУ'!$H94:$K94) -> 2117 | M94: =M93+'Втрати ЗСУ'!$C94 -> 10568 | N94: =N93+'Втрати ЗСУ'!$D94 -> 11545 | O94: =O93+'Втрати ЗСУ'!$E94 -> 9498 | P94: =P93+'Втрати ЗСУ'!$F94 -> 8506 | Q94: =SUM('Втрати ЗСУ'!$M94:$P94) -> 40117

Sheet Застосування БК та FPV
A1: Дата | B1: Противник_БК | C1: Наші війська_БК | D1: Противник_FPV | E1: Наші війська_FPV
A2: 46204 | B2: =RANDBETWEEN(500,5000) -> 4083 | C2: =RANDBETWEEN(500,5000) -> 1570 | D2: =RANDBETWEEN(500,5000) -> 4210 | E2: =RANDBETWEEN(500,5000) -> 2128
A3: 46205 | B3: =RANDBETWEEN(500,5000) -> 3578 | C3: =RANDBETWEEN(500,5000) -> 4713 | D3: =RANDBETWEEN(500,5000) -> 2298 | E3: =RANDBETWEEN(500,5000) -> 790
A4: 46206 | B4: =RANDBETWEEN(500,5000) -> 2116 | C4: =RANDBETWEEN(500,5000) -> 2971 | D4: =RANDBETWEEN(500,5000) -> 1375 | E4: =RANDBETWEEN(500,5000) -> 578
A5: 46207 | B5: =RANDBETWEEN(500,5000) -> 2982 | C5: =RANDBETWEEN(500,5000) -> 4678 | D5: =RANDBETWEEN(500,5000) -> 4450 | E5: =RANDBETWEEN(500,5000) -> 2300
A6: 46208 | B6: =RANDBETWEEN(500,5000) -> 1344 | C6: =RANDBETWEEN(500,5000) -> 4014 | D6: =RANDBETWEEN(500,5000) -> 2817 | E6: =RANDBETWEEN(500,5000) -> 2777
A7: 46209 | B7: =RANDBETWEEN(500,5000) -> 2715 | C7: =RANDBETWEEN(500,5000) -> 1867 | D7: =RANDBETWEEN(500,5000) -> 4819 | E7: =RANDBETWEEN(500,5000) -> 2794
A8: 46210 | B8: =RANDBETWEEN(500,5000) -> 4885 | C8: =RANDBETWEEN(500,5000) -> 1419 | D8: =RANDBETWEEN(500,5000) -> 2106 | E8: =RANDBETWEEN(500,5000) -> 4413
A9: 46211 | B9: =RANDBETWEEN(500,5000) -> 3250 | C9: =RANDBETWEEN(500,5000) -> 3421 | D9: =RANDBETWEEN(500,5000) -> 3202 | E9: =RANDBETWEEN(500,5000) -> 4089
A10: 46212 | B10: =RANDBETWEEN(500,5000) -> 1706 | C10: =RANDBETWEEN(500,5000) -> 4493 | D10: =RANDBETWEEN(500,5000) -> 4216 | E10: =RANDBETWEEN(500,5000) -> 1555
A11: 46213 | B11: =RANDBETWEEN(500,5000) -> 3178 | C11: =RANDBETWEEN(500,5000) -> 2019 | D11: =RANDBETWEEN(500,5000) -> 3521 | E11: =RANDBETWEEN(500,5000) -> 1875
A12: 46214 | B12: =RANDBETWEEN(500,5000) -> 3289 | C12: =RANDBETWEEN(500,5000) -> 1130 | D12: =RANDBETWEEN(500,5000) -> 2388 | E12: =RANDBETWEEN(500,5000) -> 4725
A13: 46215 | B13: =RANDBETWEEN(500,5000) -> 3347 | C13: =RANDBETWEEN(500,5000) -> 2766 | D13: =RANDBETWEEN(500,5000) -> 567 | E13: =RANDBETWEEN(500,5000) -> 3641
... A231: 46433 | B231: =RANDBETWEEN(500,5000) -> 1154 | C231: =RANDBETWEEN(500,5000) -> 3180 | D231: =RANDBETWEEN(500,5000) -> 2055 | E231: =RANDBETWEEN(500,5000) -> 3704

Sheet ОВгП
A1: Дата | B1: засоби | C1: тип | D1: категорія | E1: УСБпС | G1: УВ (с) "Захід" | I1: 12 АК | K1: 15 АК | M1: 18 АК | O1: УВ (с) "Північ" | Q1: УВ "Курськ" | S1: 14 АК | U1: 2 КНГУ "Хартія" | W1: 16 АК | Y1: 10 АК | AA1: 3 АК | AC1: УОС | AE1: 11 АК | AG1: 19 АК | AI1: 1 КНГУ "Азов" | AK1: 7 КШР | AM1: Покровський н. | AO1: 9 АК | AQ1: УВ (с) "Схід" | AS1: 20 АК | AU1: Олександрівський н. | AW1: 17 АК | AY1: 30 КМП | BA1: ОТУ "Одеса" | BC1: УВ (с) "Південь" | BE1: ВСЬОГО за СО | BG1: вартість | BH1: артість_за_шт
E2: вз | F2: бп | G2: вз | H2: бп | I2: вз | J2: бп | K2: вз | L2: бп | M2: вз | N2: бп | O2: вз | P2: бп | Q2: вз | R2: бп | S2: вз | T2: бп | U2: вз | V2: бп | W2: вз | X2: бп | Y2: вз | Z2: бп | AA2: вз | AB2: бп | AC2: вз | AD2: бп | AE2: вз | AF2: бп | AG2: вз | AH2: бп | AI2: вз | AJ2: бп | AK2: вз | AL2: бп | AM2: вз | AN2: бп | AO2: вз | AP2: бп | AQ2: вз | AR2: бп | AS2: вз | AT2: бп | AU2: вз | AV2: бп | AW2: вз | AX2: бп | AY2: вз | AZ2: бп | BA2: вз | BB2: бп | BC2: вз | BD2: бп | BE2: вз | BF2: бп
A4: 46261 | B4: 227 мм М26 | C4: РСЗВ | D4: важкий | E4: =ROUNDUP(F4/3,0) -> 2 | F4: =RANDBETWEEN(0,4) -> 4 | G4: =ROUNDUP(H4/3,0) -> 1 | H4: =RANDBETWEEN(0,4) -> 3 | I4: =ROUNDUP(J4/3,0) -> 1 | J4: =RANDBETWEEN(0,4) -> 2 | K4: =ROUNDUP(L4/3,0) -> 1 | L4: =RANDBETWEEN(0,4) -> 1 | M4: =ROUNDUP(N4/3,0) -> 1 | N4: =RANDBETWEEN(0,4) -> 2 | O4: =SUM(K4,M4) -> 2 | P4: =SUM(L4,N4) -> 3 | Q4: =ROUNDUP(R4/3,0) -> 1 | R4: =RANDBETWEEN(0,4) -> 3 | S4: =ROUNDUP(T4/3,0) -> 1 | T4: =RANDBETWEEN(0,4) -> 3 | U4: =ROUNDUP(V4/3,0) -> 2 | V4: =RANDBETWEEN(0,4) -> 4 | W4: =ROUNDUP(X4/3,0) -> 0 | X4: =RANDBETWEEN(0,4) -> 0 | Y4: =ROUNDUP(Z4/3,0) -> 0 | Z4: =RANDBETWEEN(0,4) -> 0 | AA4: =ROUNDUP(AB4/3,0) -> 1 | AB4: =RANDBETWEEN(0,4) -> 2 | AC4: =SUM(S4,U4,W4,Y4,AA4) -> 4 | AD4: =SUM(T4,V4,X4,Z4,AB4) -> 9 | AE4: =ROUNDUP(AF4/3,0) -> 2 | AF4: =RANDBETWEEN(0,4) -> 4 | AG4: =ROUNDUP(AH4/3,0) -> 1 | AH4: =RANDBETWEEN(0,4) -> 1 | AI4: =ROUNDUP(AJ4/3,0) -> 1 | AJ4: =RANDBETWEEN(0,4) -> 3 | AK4: =ROUNDUP(AL4/3,0) -> 2 | AL4: =RANDBETWEEN(0,4) -> 4 | AM4: =ROUNDUP(AN4/3,0) -> 2 | AN4: =RANDBETWEEN(0,4) -> 4 | AO4: =ROUNDUP(AP4/3,0) -> 1 | AP4: =RANDBETWEEN(0,4) -> 1 | AQ4: =SUM(AG4,AI4,AK4,AM4,AO4) -> 7 | AR4: =SUM(AH4,AJ4,AL4,AN4,AP4) -> 13 | AS4: =ROUNDUP(AT4/3,0) -> 2 | AT4: =RANDBETWEEN(0,4) -> 4 | AU4: =ROUNDUP(AV4/3,0) -> 0 | AV4: =RANDBETWEEN(0,4) -> 0 | AW4: =ROUNDUP(AX4/3,0) -> 1 | AX4: =RANDBETWEEN(0,4) -> 2 | AY4: =ROUNDUP(AZ4/3,0) -> 1 | AZ4: =RANDBETWEEN(0,4) -> 2 | BA4: =ROUNDUP(BB4/3,0) -> 2 | BB4: =RANDBETWEEN(0,4) -> 4 | BC4: =SUM(AS4,AU4,AW4,AY4,BA4) -> 6 | BD4: =SUM(AT4,AV4,AX4,AZ4,BB4) -> 12 | BE4: =SUM(E4,G4,I4,O4,Q4,AC4,AQ4,BC4) -> 24 | BF4: =SUM(F4,H4,J4,P4,R4,AD4,AR4,BD4) -> 49 | BG4: =BF4*'ОВгП_РАО'!$B$2 -> #REF! | BH4: ='ОВгП_РАО'!$B$2 -> #REF!
A5: =A4 -> 46261 | B5: 227 мм М30 | C5: РСЗВ | D5: важкий | E5: =ROUNDUP(F5/3,0) -> 1 | F5: =RANDBETWEEN(0,4) -> 3 | G5: =ROUNDUP(H5/3,0) -> 1 | H5: =RANDBETWEEN(0,4) -> 2 | I5: =ROUNDUP(J5/3,0) -> 0 | J5: =RANDBETWEEN(0,4) -> 0 | K5: =ROUNDUP(L5/3,0) -> 1 | L5: =RANDBETWEEN(0,4) -> 2 | M5: =ROUNDUP(N5/3,0) -> 2 | N5: =RANDBETWEEN(0,4) -> 4 | O5: =SUM(K5,M5) -> 3 | P5: =SUM(L5,N5) -> 6 | Q5: =ROUNDUP(R5/3,0) -> 1 | R5: =RANDBETWEEN(0,4) -> 3 | S5: =ROUNDUP(T5/3,0) -> 1 | T5: =RANDBETWEEN(0,4) -> 1 | U5: =ROUNDUP(V5/3,0) -> 1 | V5: =RANDBETWEEN(0,4) -> 3 | W5: =ROUNDUP(X5/3,0) -> 1 | X5: =RANDBETWEEN(0,4) -> 2 | Y5: =ROUNDUP(Z5/3,0) -> 2 | Z5: =RANDBETWEEN(0,4) -> 4 | AA5: =ROUNDUP(AB5/3,0) -> 1 | AB5: =RANDBETWEEN(0,4) -> 1 | AC5: =SUM(S5,U5,W5,Y5,AA5) -> 6 | AD5: =SUM(T5,V5,X5,Z5,AB5) -> 11 | AE5: =ROUNDUP(AF5/3,0) -> 1 | AF5: =RANDBETWEEN(0,4) -> 3 | AG5: =ROUNDUP(AH5/3,0) -> 2 | AH5: =RANDBETWEEN(0,4) -> 4 | AI5: =ROUNDUP(AJ5/3,0) -> 1 | AJ5: =RANDBETWEEN(0,4) -> 1 | AK5: =ROUNDUP(AL5/3,0) -> 1 | AL5: =RANDBETWEEN(0,4) -> 1 | AM5: =ROUNDUP(AN5/3,0) -> 1 | AN5: =RANDBETWEEN(0,4) -> 3 | AO5: =ROUNDUP(AP5/3,0) -> 2 | AP5: =RANDBETWEEN(0,4) -> 4 | AQ5: =SUM(AG5,AI5,AK5,AM5,AO5) -> 7 | AR5: =SUM(AH5,AJ5,AL5,AN5,AP5) -> 13 | AS5: =ROUNDUP(AT5/3,0) -> 0 | AT5: =RANDBETWEEN(0,4) -> 0 | AU5: =ROUNDUP(AV5/3,0) -> 2 | AV5: =RANDBETWEEN(0,4) -> 4 | AW5: =ROUNDUP(AX5/3,0) -> 1 | AX5: =RANDBETWEEN(0,4) -> 3 | AY5: =ROUNDUP(AZ5/3,0) -> 1 | AZ5: =RANDBETWEEN(0,4) -> 1 | BA5: =ROUNDUP(BB5/3,0) -> 1 | BB5: =RANDBETWEEN(0,4) -> 3 | BC5: =SUM(AS5,AU5,AW5,AY5,BA5) -> 5 | BD5: =SUM(AT5,AV5,AX5,AZ5,BB5) -> 11 | BE5: =SUM(E5,G5,I5,O5,Q5,AC5,AQ5,BC5) -> 24 | BF5: =SUM(F5,H5,J5,P5,R5,AD5,AR5,BD5) -> 49 | BG5: =BF5*'ОВгП_РАО'!$B$3 -> #REF! | BH5: ='ОВгП_РАО'!$B$3 -> #REF!
A6: =A5 -> 46261 | B6: 227 мм М30А1(А2) | C6: РСЗВ | D6: важкий | E6: =ROUNDUP(F6/3,0) -> 1 | F6: =RANDBETWEEN(0,4) -> 2 | G6: =ROUNDUP(H6/3,0) -> 2 | H6: =RANDBETWEEN(0,4) -> 4 | I6: =ROUNDUP(J6/3,0) -> 1 | J6: =RANDBETWEEN(0,4) -> 3 | K6: =ROUNDUP(L6/3,0) -> 0 | L6: =RANDBETWEEN(0,4) -> 0 | M6: =ROUNDUP(N6/3,0) -> 0 | N6: =RANDBETWEEN(0,4) -> 0 | O6: =SUM(K6,M6) -> 0 | P6: =SUM(L6,N6) -> 0 | Q6: =ROUNDUP(R6/3,0) -> 1 | R6: =RANDBETWEEN(0,4) -> 2 | S6: =ROUNDUP(T6/3,0) -> 1 | T6: =RANDBETWEEN(0,4) -> 1 | U6: =ROUNDUP(V6/3,0) -> 1 | V6: =RANDBETWEEN(0,4) -> 3 | W6: =ROUNDUP(X6/3,0) -> 1 | X6: =RANDBETWEEN(0,4) -> 3 | Y6: =ROUNDUP(Z6/3,0) -> 1 | Z6: =RANDBETWEEN(0,4) -> 2 | AA6: =ROUNDUP(AB6/3,0) -> 1 | AB6: =RANDBETWEEN(0,4) -> 3 | AC6: =SUM(S6,U6,W6,Y6,AA6) -> 5 | AD6: =SUM(T6,V6,X6,Z6,AB6) -> 12 | AE6: =ROUNDUP(AF6/3,0) -> 1 | AF6: =RANDBETWEEN(0,4) -> 3 | AG6: =ROUNDUP(AH6/3,0) -> 1 | AH6: =RANDBETWEEN(0,4) -> 1 | AI6: =ROUNDUP(AJ6/3,0) -> 1 | AJ6: =RANDBETWEEN(0,4) -> 1 | AK6: =ROUNDUP(AL6/3,0) -> 1 | AL6: =RANDBETWEEN(0,4) -> 2 | AM6: =ROUNDUP(AN6/3,0) -> 1 | AN6: =RANDBETWEEN(0,4) -> 1 | AO6: =ROUNDUP(AP6/3,0) -> 1 | AP6: =RANDBETWEEN(0,4) -> 1 | AQ6: =SUM(AG6,AI6,AK6,AM6,AO6) -> 5 | AR6: =SUM(AH6,AJ6,AL6,AN6,AP6) -> 6 | AS6: =ROUNDUP(AT6/3,0) -> 0 | AT6: =RANDBETWEEN(0,4) -> 0 | AU6: =ROUNDUP(AV6/3,0) -> 1 | AV6: =RANDBETWEEN(0,4) -> 1 | AW6: =ROUNDUP(AX6/3,0) -> 1 | AX6: =RANDBETWEEN(0,4) -> 1 | AY6: =ROUNDUP(AZ6/3,0) -> 1 | AZ6: =RANDBETWEEN(0,4) -> 2 | BA6: =ROUNDUP(BB6/3,0) -> 1 | BB6: =RANDBETWEEN(0,4) -> 2 | BC6: =SUM(AS6,AU6,AW6,AY6,BA6) -> 4 | BD6: =SUM(AT6,AV6,AX6,AZ6,BB6) -> 6 | BE6: =SUM(E6,G6,I6,O6,Q6,AC6,AQ6,BC6) -> 19 | BF6: =SUM(F6,H6,J6,P6,R6,AD6,AR6,BD6) -> 35 | BG6: =BF6*'ОВгП_РАО'!$B$4 -> #REF! | BH6: ='ОВгП_РАО'!$B$4 -> #REF!
A7: =A6 -> 46261 | B7: 227 мм М31А1(А2) | C7: РСЗВ | D7: важкий | E7: =ROUNDUP(F7/3,0) -> 1 | F7: =RANDBETWEEN(0,4) -> 3 | G7: =ROUNDUP(H7/3,0) -> 1 | H7: =RANDBETWEEN(0,4) -> 2 | I7: =ROUNDUP(J7/3,0) -> 1 | J7: =RANDBETWEEN(0,4) -> 2 | K7: =ROUNDUP(L7/3,0) -> 1 | L7: =RANDBETWEEN(0,4) -> 1 | M7: =ROUNDUP(N7/3,0) -> 0 | N7: =RANDBETWEEN(0,4) -> 0 | O7: =SUM(K7,M7) -> 1 | P7: =SUM(L7,N7) -> 1 | Q7: =ROUNDUP(R7/3,0) -> 2 | R7: =RANDBETWEEN(0,4) -> 4 | S7: =ROUNDUP(T7/3,0) -> 1 | T7: =RANDBETWEEN(0,4) -> 1 | U7: =ROUNDUP(V7/3,0) -> 1 | V7: =RANDBETWEEN(0,4) -> 3 | W7: =ROUNDUP(X7/3,0) -> 1 | X7: =RANDBETWEEN(0,4) -> 3 | Y7: =ROUNDUP(Z7/3,0) -> 1 | Z7: =RANDBETWEEN(0,4) -> 1 | AA7: =ROUNDUP(AB7/3,0) -> 1 | AB7: =RANDBETWEEN(0,4) -> 1 | AC7: =SUM(S7,U7,W7,Y7,AA7) -> 5 | AD7: =SUM(T7,V7,X7,Z7,AB7) -> 9 | AE7: =ROUNDUP(AF7/3,0) -> 1 | AF7: =RANDBETWEEN(0,4) -> 2 | AG7: =ROUNDUP(AH7/3,0) -> 0 | AH7: =RANDBETWEEN(0,4) -> 0 | AI7: =ROUNDUP(AJ7/3,0) -> 2 | AJ7: =RANDBETWEEN(0,4) -> 4 | AK7: =ROUNDUP(AL7/3,0) -> 2 | AL7: =RANDBETWEEN(0,4) -> 4 | AM7: =ROUNDUP(AN7/3,0) -> 0 | AN7: =RANDBETWEEN(0,4) -> 0 | AO7: =ROUNDUP(AP7/3,0) -> 2 | AP7: =RANDBETWEEN(0,4) -> 4 | AQ7: =SUM(AG7,AI7,AK7,AM7,AO7) -> 6 | AR7: =SUM(AH7,AJ7,AL7,AN7,AP7) -> 12 | AS7: =ROUNDUP(AT7/3,0) -> 1 | AT7: =RANDBETWEEN(0,4) -> 1 | AU7: =ROUNDUP(AV7/3,0) -> 1 | AV7: =RANDBETWEEN(0,4) -> 1 | AW7: =ROUNDUP(AX7/3,0) -> 1 | AX7: =RANDBETWEEN(0,4) -> 1 | AY7: =ROUNDUP(AZ7/3,0) -> 1 | AZ7: =RANDBETWEEN(0,4) -> 3 | BA7: =ROUNDUP(BB7/3,0) -> 0 | BB7: =RANDBETWEEN(0,4) -> 0 | BC7: =SUM(AS7,AU7,AW7,AY7,BA7) -> 4 | BD7: =SUM(AT7,AV7,AX7,AZ7,BB7) -> 6 | BE7: =SUM(E7,G7,I7,O7,Q7,AC7,AQ7,BC7) -> 21 | BF7: =SUM(F7,H7,J7,P7,R7,AD7,AR7,BD7) -> 39 | BG7: =BF7*'ОВгП_РАО'!$B$5 -> #REF! | BH7: ='ОВгП_РАО'!$B$5 -> #REF!
A8: =A7 -> 46261 | B8: 227 мм GLSDB | C8: РСЗВ | D8: важкий | E8: =ROUNDUP(F8/3,0) -> 1 | F8: =RANDBETWEEN(0,4) -> 2 | G8: =ROUNDUP(H8/3,0) -> 1 | H8: =RANDBETWEEN(0,4) -> 3 | I8: =ROUNDUP(J8/3,0) -> 1 | J8: =RANDBETWEEN(0,4) -> 1 | K8: =ROUNDUP(L8/3,0) -> 1 | L8: =RANDBETWEEN(0,4) -> 3 | M8: =ROUNDUP(N8/3,0) -> 0 | N8: =RANDBETWEEN(0,4) -> 0 | O8: =SUM(K8,M8) -> 1 | P8: =SUM(L8,N8) -> 3 | Q8: =ROUNDUP(R8/3,0) -> 1 | R8: =RANDBETWEEN(0,4) -> 1 | S8: =ROUNDUP(T8/3,0) -> 1 | T8: =RANDBETWEEN(0,4) -> 3 | U8: =ROUNDUP(V8/3,0) -> 1 | V8: =RANDBETWEEN(0,4) -> 2 | W8: =ROUNDUP(X8/3,0) -> 0 | X8: =RANDBETWEEN(0,4) -> 0 | Y8: =ROUNDUP(Z8/3,0) -> 2 | Z8: =RANDBETWEEN(0,4) -> 4 | AA8: =ROUNDUP(AB8/3,0) -> 1 | AB8: =RANDBETWEEN(0,4) -> 3 | AC8: =SUM(S8,U8,W8,Y8,AA8) -> 5 | AD8: =SUM(T8,V8,X8,Z8,AB8) -> 12 | AE8: =ROUNDUP(AF8/3,0) -> 1 | AF8: =RANDBETWEEN(0,4) -> 1 | AG8: =ROUNDUP(AH8/3,0) -> 2 | AH8: =RANDBETWEEN(0,4) -> 4 | AI8: =ROUNDUP(AJ8/3,0) -> 1 | AJ8: =RANDBETWEEN(0,4) -> 3 | AK8: =ROUNDUP(AL8/3,0) -> 1 | AL8: =RANDBETWEEN(0,4) -> 1 | AM8: =ROUNDUP(AN8/3,0) -> 2 | AN8: =RANDBETWEEN(0,4) -> 4 | AO8: =ROUNDUP(AP8/3,0) -> 1 | AP8: =RANDBETWEEN(0,4) -> 3 | AQ8: =SUM(AG8,AI8,AK8,AM8,AO8) -> 7 | AR8: =SUM(AH8,AJ8,AL8,AN8,AP8) -> 15 | AS8: =ROUNDUP(AT8/3,0) -> 1 | AT8: =RANDBETWEEN(0,4) -> 3 | AU8: =ROUNDUP(AV8/3,0) -> 1 | AV8: =RANDBETWEEN(0,4) -> 1 | AW8: =ROUNDUP(AX8/3,0) -> 2 | AX8: =RANDBETWEEN(0,4) -> 4 | AY8: =ROUNDUP(AZ8/3,0) -> 1 | AZ8: =RANDBETWEEN(0,4) -> 1 | BA8: =ROUNDUP(BB8/3,0) -> 1 | BB8: =RANDBETWEEN(0,4) -> 1 | BC8: =SUM(AS8,AU8,AW8,AY8,BA8) -> 6 | BD8: =SUM(AT8,AV8,AX8,AZ8,BB8) -> 10 | BE8: =SUM(E8,G8,I8,O8,Q8,AC8,AQ8,BC8) -> 23 | BF8: =SUM(F8,H8,J8,P8,R8,AD8,AR8,BD8) -> 47 | BG8: =BF8*'ОВгП_РАО'!$B$6 -> #REF! | BH8: ='ОВгП_РАО'!$B$6 -> #REF!
A9: =A8 -> 46261 | B9: 227 мм DM-72 | C9: РСЗВ | D9: важкий дистанційне мінування | E9: =ROUNDUP(F9/3,0) -> 1 | F9: =RANDBETWEEN(0,4) -> 1 | G9: =ROUNDUP(H9/3,0) -> 1 | H9: =RANDBETWEEN(0,4) -> 1 | I9: =ROUNDUP(J9/3,0) -> 1 | J9: =RANDBETWEEN(0,4) -> 1 | K9: =ROUNDUP(L9/3,0) -> 1 | L9: =RANDBETWEEN(0,4) -> 1 | M9: =ROUNDUP(N9/3,0) -> 2 | N9: =RANDBETWEEN(0,4) -> 4 | O9: =SUM(K9,M9) -> 3 | P9: =SUM(L9,N9) -> 5 | Q9: =ROUNDUP(R9/3,0) -> 2 | R9: =RANDBETWEEN(0,4) -> 4 | S9: =ROUNDUP(T9/3,0) -> 1 | T9: =RANDBETWEEN(0,4) -> 3 | U9: =ROUNDUP(V9/3,0) -> 2 | V9: =RANDBETWEEN(0,4) -> 4 | W9: =ROUNDUP(X9/3,0) -> 2 | X9: =RANDBETWEEN(0,4) -> 4 | Y9: =ROUNDUP(Z9/3,0) -> 0 | Z9: =RANDBETWEEN(0,4) -> 0 | AA9: =ROUNDUP(AB9/3,0) -> 1 | AB9: =RANDBETWEEN(0,4) -> 3 | AC9: =SUM(S9,U9,W9,Y9,AA9) -> 6 | AD9: =SUM(T9,V9,X9,Z9,AB9) -> 14 | AE9: =ROUNDUP(AF9/3,0) -> 1 | AF9: =RANDBETWEEN(0,4) -> 1 | AG9: =ROUNDUP(AH9/3,0) -> 2 | AH9: =RANDBETWEEN(0,4) -> 4 | AI9: =ROUNDUP(AJ9/3,0) -> 1 | AJ9: =RANDBETWEEN(0,4) -> 3 | AK9: =ROUNDUP(AL9/3,0) -> 0 | AL9: =RANDBETWEEN(0,4) -> 0 | AM9: =ROUNDUP(AN9/3,0) -> 1 | AN9: =RANDBETWEEN(0,4) -> 3 | AO9: =ROUNDUP(AP9/3,0) -> 0 | AP9: =RANDBETWEEN(0,4) -> 0 | AQ9: =SUM(AG9,AI9,AK9,AM9,AO9) -> 4 | AR9: =SUM(AH9,AJ9,AL9,AN9,AP9) -> 10 | AS9: =ROUNDUP(AT9/3,0) -> 0 | AT9: =RANDBETWEEN(0,4) -> 0 | AU9: =ROUNDUP(AV9/3,0) -> 2 | AV9: =RANDBETWEEN(0,4) -> 4 | AW9: =ROUNDUP(AX9/3,0) -> 1 | AX9: =RANDBETWEEN(0,4) -> 3 | AY9: =ROUNDUP(AZ9/3,0) -> 1 | AZ9: =RANDBETWEEN(0,4) -> 1 | BA9: =ROUNDUP(BB9/3,0) -> 1 | BB9: =RANDBETWEEN(0,4) -> 1 | BC9: =SUM(AS9,AU9,AW9,AY9,BA9) -> 5 | BD9: =SUM(AT9,AV9,AX9,AZ9,BB9) -> 9 | BE9: =SUM(E9,G9,I9,O9,Q9,AC9,AQ9,BC9) -> 23 | BF9: =SUM(F9,H9,J9,P9,R9,AD9,AR9,BD9) -> 45 | BG9: =BF9*'ОВгП_РАО'!$B$7 -> #REF! | BH9: ='ОВгП_РАО'!$B$7 -> #REF!
A10: =A9 -> 46261 | B10: М982 Excalibur | C10: ствольний | D10: середній протитанковий | E10: =ROUNDUP(F10/3,0) -> 2 | F10: =RANDBETWEEN(0,4) -> 4 | G10: =ROUNDUP(H10/3,0) -> 2 | H10: =RANDBETWEEN(0,4) -> 4 | I10: =ROUNDUP(J10/3,0) -> 1 | J10: =RANDBETWEEN(0,4) -> 2 | K10: =ROUNDUP(L10/3,0) -> 1 | L10: =RANDBETWEEN(0,4) -> 1 | M10: =ROUNDUP(N10/3,0) -> 1 | N10: =RANDBETWEEN(0,4) -> 3 | O10: =SUM(K10,M10) -> 2 | P10: =SUM(L10,N10) -> 4 | Q10: =ROUNDUP(R10/3,0) -> 2 | R10: =RANDBETWEEN(0,4) -> 4 | S10: =ROUNDUP(T10/3,0) -> 0 | T10: =RANDBETWEEN(0,4) -> 0 | U10: =ROUNDUP(V10/3,0) -> 1 | V10: =RANDBETWEEN(0,4) -> 1 | W10: =ROUNDUP(X10/3,0) -> 0 | X10: =RANDBETWEEN(0,4) -> 0 | Y10: =ROUNDUP(Z10/3,0) -> 2 | Z10: =RANDBETWEEN(0,4) -> 4 | AA10: =ROUNDUP(AB10/3,0) -> 1 | AB10: =RANDBETWEEN(0,4) -> 3 | AC10: =SUM(S10,U10,W10,Y10,AA10) -> 4 | AD10: =SUM(T10,V10,X10,Z10,AB10) -> 8 | AE10: =ROUNDUP(AF10/3,0) -> 2 | AF10: =RANDBETWEEN(0,4) -> 4 | AG10: =ROUNDUP(AH10/3,0) -> 1 | AH10: =RANDBETWEEN(0,4) -> 3 | AI10: =ROUNDUP(AJ10/3,0) -> 1 | AJ10: =RANDBETWEEN(0,4) -> 1 | AK10: =ROUNDUP(AL10/3,0) -> 2 | AL10: =RANDBETWEEN(0,4) -> 4 | AM10: =ROUNDUP(AN10/3,0) -> 1 | AN10: =RANDBETWEEN(0,4) -> 1 | AO10: =ROUNDUP(AP10/3,0) -> 1 | AP10: =RANDBETWEEN(0,4) -> 2 | AQ10: =SUM(AG10,AI10,AK10,AM10,AO10) -> 6 | AR10: =SUM(AH10,AJ10,AL10,AN10,AP10) -> 11 | AS10: =ROUNDUP(AT10/3,0) -> 1 | AT10: =RANDBETWEEN(0,4) -> 2 | AU10: =ROUNDUP(AV10/3,0) -> 0 | AV10: =RANDBETWEEN(0,4) -> 0 | AW10: =ROUNDUP(AX10/3,0) -> 1 | AX10: =RANDBETWEEN(0,4) -> 1 | AY10: =ROUNDUP(AZ10/3,0) -> 1 | AZ10: =RANDBETWEEN(0,4) -> 3 | BA10: =ROUNDUP(BB10/3,0) -> 0 | BB10: =RANDBETWEEN(0,4) -> 0 | BC10: =SUM(AS10,AU10,AW10,AY10,BA10) -> 3 | BD10: =SUM(AT10,AV10,AX10,AZ10,BB10) -> 6 | BE10: =SUM(E10,G10,I10,O10,Q10,AC10,AQ10,BC10) -> 22 | BF10: =SUM(F10,H10,J10,P10,R10,AD10,AR10,BD10) -> 43 | BG10: =BF10*'ОВгП_РАО'!$B$8 -> #REF! | BH10: ='ОВгП_РАО'!$B$8 -> #REF!
A11: =A10 -> 46261 | B11: 610 мм М39 | C11: ракета | D11: балістична | E11: =ROUNDUP(F11/3,0) -> 1 | F11: =RANDBETWEEN(0,4) -> 3 | G11: =ROUNDUP(H11/3,0) -> 1 | H11: =RANDBETWEEN(0,4) -> 1 | I11: =ROUNDUP(J11/3,0) -> 1 | J11: =RANDBETWEEN(0,4) -> 2 | K11: =ROUNDUP(L11/3,0) -> 1 | L11: =RANDBETWEEN(0,4) -> 3 | M11: =ROUNDUP(N11/3,0) -> 1 | N11: =RANDBETWEEN(0,4) -> 3 | O11: =SUM(K11,M11) -> 2 | P11: =SUM(L11,N11) -> 6 | Q11: =ROUNDUP(R11/3,0) -> 1 | R11: =RANDBETWEEN(0,4) -> 3 | S11: =ROUNDUP(T11/3,0) -> 1 | T11: =RANDBETWEEN(0,4) -> 3 | U11: =ROUNDUP(V11/3,0) -> 2 | V11: =RANDBETWEEN(0,4) -> 4 | W11: =ROUNDUP(X11/3,0) -> 1 | X11: =RANDBETWEEN(0,4) -> 1 | Y11: =ROUNDUP(Z11/3,0) -> 0 | Z11: =RANDBETWEEN(0,4) -> 0 | AA11: =ROUNDUP(AB11/3,0) -> 1 | AB11: =RANDBETWEEN(0,4) -> 1 | AC11: =SUM(S11,U11,W11,Y11,AA11) -> 5 | AD11: =SUM(T11,V11,X11,Z11,AB11) -> 9 | AE11: =ROUNDUP(AF11/3,0) -> 1 | AF11: =RANDBETWEEN(0,4) -> 2 | AG11: =ROUNDUP(AH11/3,0) -> 2 | AH11: =RANDBETWEEN(0,4) -> 4 | AI11: =ROUNDUP(AJ11/3,0) -> 2 | AJ11: =RANDBETWEEN(0,4) -> 4 | AK11: =ROUNDUP(AL11/3,0) -> 0 | AL11: =RANDBETWEEN(0,4) -> 0 | AM11: =ROUNDUP(AN11/3,0) -> 0 | AN11: =RANDBETWEEN(0,4) -> 0 | AO11: =ROUNDUP(AP11/3,0) -> 1 | AP11: =RANDBETWEEN(0,4) -> 3 | AQ11: =SUM(AG11,AI11,AK11,AM11,AO11) -> 5 | AR11: =SUM(AH11,AJ11,AL11,AN11,AP11) -> 11 | AS11: =ROUNDUP(AT11/3,0) -> 2 | AT11: =RANDBETWEEN(0,4) -> 4 | AU11: =ROUNDUP(AV11/3,0) -> 2 | AV11: =RANDBETWEEN(0,4) -> 4 | AW11: =ROUNDUP(AX11/3,0) -> 0 | AX11: =RANDBETWEEN(0,4) -> 0 | AY11: =ROUNDUP(AZ11/3,0) -> 1 | AZ11: =RANDBETWEEN(0,4) -> 2 | BA11: =ROUNDUP(BB11/3,0) -> 2 | BB11: =RANDBETWEEN(0,4) -> 4 | BC11: =SUM(AS11,AU11,AW11,AY11,BA11) -> 7 | BD11: =SUM(AT11,AV11,AX11,AZ11,BB11) -> 14 | BE11: =SUM(E11,G11,I11,O11,Q11,AC11,AQ11,BC11) -> 23 | BF11: =SUM(F11,H11,J11,P11,R11,AD11,AR11,BD11) -> 49 | BG11: =BF11*'ОВгП_РАО'!$B$9 -> #REF! | BH11: ='ОВгП_РАО'!$B$9 -> #REF!
A12: =A11 -> 46261 | B12: 610 мм М48 | C12: ракета | D12: балістична | E12: =ROUNDUP(F12/3,0) -> 1 | F12: =RANDBETWEEN(0,4) -> 3 | G12: =ROUNDUP(H12/3,0) -> 1 | H12: =RANDBETWEEN(0,4) -> 3 | I12: =ROUNDUP(J12/3,0) -> 1 | J12: =RANDBETWEEN(0,4) -> 3 | K12: =ROUNDUP(L12/3,0) -> 2 | L12: =RANDBETWEEN(0,4) -> 4 | M12: =ROUNDUP(N12/3,0) -> 1 | N12: =RANDBETWEEN(0,4) -> 2 | O12: =SUM(K12,M12) -> 3 | P12: =SUM(L12,N12) -> 6 | Q12: =ROUNDUP(R12/3,0) -> 1 | R12: =RANDBETWEEN(0,4) -> 2 | S12: =ROUNDUP(T12/3,0) -> 0 | T12: =RANDBETWEEN(0,4) -> 0 | U12: =ROUNDUP(V12/3,0) -> 0 | V12: =RANDBETWEEN(0,4) -> 0 | W12: =ROUNDUP(X12/3,0) -> 1 | X12: =RANDBETWEEN(0,4) -> 2 | Y12: =ROUNDUP(Z12/3,0) -> 0 | Z12: =RANDBETWEEN(0,4) -> 0 | AA12: =ROUNDUP(AB12/3,0) -> 1 | AB12: =RANDBETWEEN(0,4) -> 3 | AC12: =SUM(S12,U12,W12,Y12,AA12) -> 2 | AD12: =SUM(T12,V12,X12,Z12,AB12) -> 5 | AE12: =ROUNDUP(AF12/3,0) -> 1 | AF12: =RANDBETWEEN(0,4) -> 3 | AG12: =ROUNDUP(AH12/3,0) -> 1 | AH12: =RANDBETWEEN(0,4) -> 1 | AI12: =ROUNDUP(AJ12/3,0) -> 1 | AJ12: =RANDBETWEEN(0,4) -> 2 | AK12: =ROUNDUP(AL12/3,0) -> 1 | AL12: =RANDBETWEEN(0,4) -> 2 | AM12: =ROUNDUP(AN12/3,0) -> 1 | AN12: =RANDBETWEEN(0,4) -> 1 | AO12: =ROUNDUP(AP12/3,0) -> 1 | AP12: =RANDBETWEEN(0,4) -> 1 | AQ12: =SUM(AG12,AI12,AK12,AM12,AO12) -> 5 | AR12: =SUM(AH12,AJ12,AL12,AN12,AP12) -> 7 | AS12: =ROUNDUP(AT12/3,0) -> 1 | AT12: =RANDBETWEEN(0,4) -> 1 | AU12: =ROUNDUP(AV12/3,0) -> 1 | AV12: =RANDBETWEEN(0,4) -> 3 | AW12: =ROUNDUP(AX12/3,0) -> 0 | AX12: =RANDBETWEEN(0,4) -> 0 | AY12: =ROUNDUP(AZ12/3,0) -> 1 | AZ12: =RANDBETWEEN(0,4) -> 1 | BA12: =ROUNDUP(BB12/3,0) -> 1 | BB12: =RANDBETWEEN(0,4) -> 1 | BC12: =SUM(AS12,AU12,AW12,AY12,BA12) -> 4 | BD12: =SUM(AT12,AV12,AX12,AZ12,BB12) -> 6 | BE12: =SUM(E12,G12,I12,O12,Q12,AC12,AQ12,BC12) -> 18 | BF12: =SUM(F12,H12,J12,P12,R12,AD12,AR12,BD12) -> 35 | BG12: =BF12*'ОВгП_РАО'!$B$10 -> #REF! | BH12: ='ОВгП_РАО'!$B$10 -> #REF!
A13: =A12 -> 46261 | B13: 610 мм М57 | C13: ракета | D13: балістична | E13: =ROUNDUP(F13/3,0) -> 0 | F13: =RANDBETWEEN(0,4) -> 0 | G13: =ROUNDUP(H13/3,0) -> 0 | H13: =RANDBETWEEN(0,4) -> 0 | I13: =ROUNDUP(J13/3,0) -> 1 | J13: =RANDBETWEEN(0,4) -> 1 | K13: =ROUNDUP(L13/3,0) -> 1 | L13: =RANDBETWEEN(0,4) -> 2 | M13: =ROUNDUP(N13/3,0) -> 2 | N13: =RANDBETWEEN(0,4) -> 4 | O13: =SUM(K13,M13) -> 3 | P13: =SUM(L13,N13) -> 6 | Q13: =ROUNDUP(R13/3,0) -> 2 | R13: =RANDBETWEEN(0,4) -> 4 | S13: =ROUNDUP(T13/3,0) -> 1 | T13: =RANDBETWEEN(0,4) -> 3 | U13: =ROUNDUP(V13/3,0) -> 0 | V13: =RANDBETWEEN(0,4) -> 0 | W13: =ROUNDUP(X13/3,0) -> 0 | X13: =RANDBETWEEN(0,4) -> 0 | Y13: =ROUNDUP(Z13/3,0) -> 2 | Z13: =RANDBETWEEN(0,4) -> 4 | AA13: =ROUNDUP(AB13/3,0) -> 1 | AB13: =RANDBETWEEN(0,4) -> 2 | AC13: =SUM(S13,U13,W13,Y13,AA13) -> 4 | AD13: =SUM(T13,V13,X13,Z13,AB13) -> 9 | AE13: =ROUNDUP(AF13/3,0) -> 1 | AF13: =RANDBETWEEN(0,4) -> 2 | AG13: =ROUNDUP(AH13/3,0) -> 0 | AH13: =RANDBETWEEN(0,4) -> 0 | AI13: =ROUNDUP(AJ13/3,0) -> 1 | AJ13: =RANDBETWEEN(0,4) -> 3 | AK13: =ROUNDUP(AL13/3,0) -> 1 | AL13: =RANDBETWEEN(0,4) -> 3 | AM13: =ROUNDUP(AN13/3,0) -> 1 | AN13: =RANDBETWEEN(0,4) -> 1 | AO13: =ROUNDUP(AP13/3,0) -> 1 | AP13: =RANDBETWEEN(0,4) -> 3 | AQ13: =SUM(AG13,AI13,AK13,AM13,AO13) -> 4 | AR13: =SUM(AH13,AJ13,AL13,AN13,AP13) -> 10 | AS13: =ROUNDUP(AT13/3,0) -> 1 | AT13: =RANDBETWEEN(0,4) -> 3 | AU13: =ROUNDUP(AV13/3,0) -> 1 | AV13: =RANDBETWEEN(0,4) -> 2 | AW13: =ROUNDUP(AX13/3,0) -> 1 | AX13: =RANDBETWEEN(0,4) -> 2 | AY13: =ROUNDUP(AZ13/3,0) -> 2 | AZ13: =RANDBETWEEN(0,4) -> 4 | BA13: =ROUNDUP(BB13/3,0) -> 1 | BB13: =RANDBETWEEN(0,4) -> 2 | BC13: =SUM(AS13,AU13,AW13,AY13,BA13) -> 6 | BD13: =SUM(AT13,AV13,AX13,AZ13,BB13) -> 13 | BE13: =SUM(E13,G13,I13,O13,Q13,AC13,AQ13,BC13) -> 20 | BF13: =SUM(F13,H13,J13,P13,R13,AD13,AR13,BD13) -> 43 | BG13: =BF13*'ОВгП_РАО'!$B$11 -> #REF! | BH13: ='ОВгП_РАО'!$B$11 -> #REF!
A14: =A13 -> 46261 | B14: Р-360 "Нептун" | C14: ракета | D14: крилата | E14: =ROUNDUP(F14/3,0) -> 0 | F14: =RANDBETWEEN(0,4) -> 0 | G14: =ROUNDUP(H14/3,0) -> 1 | H14: =RANDBETWEEN(0,4) -> 3 | I14: =ROUNDUP(J14/3,0) -> 1 | J14: =RANDBETWEEN(0,4) -> 1 | K14: =ROUNDUP(L14/3,0) -> 2 | L14: =RANDBETWEEN(0,4) -> 4 | M14: =ROUNDUP(N14/3,0) -> 1 | N14: =RANDBETWEEN(0,4) -> 2 | O14: =SUM(K14,M14) -> 3 | P14: =SUM(L14,N14) -> 6 | Q14: =ROUNDUP(R14/3,0) -> 2 | R14: =RANDBETWEEN(0,4) -> 4 | S14: =ROUNDUP(T14/3,0) -> 1 | T14: =RANDBETWEEN(0,4) -> 2 | U14: =ROUNDUP(V14/3,0) -> 0 | V14: =RANDBETWEEN(0,4) -> 0 | W14: =ROUNDUP(X14/3,0) -> 1 | X14: =RANDBETWEEN(0,4) -> 3 | Y14: =ROUNDUP(Z14/3,0) -> 1 | Z14: =RANDBETWEEN(0,4) -> 3 | AA14: =ROUNDUP(AB14/3,0) -> 2 | AB14: =RANDBETWEEN(0,4) -> 4 | AC14: =SUM(S14,U14,W14,Y14,AA14) -> 5 | AD14: =SUM(T14,V14,X14,Z14,AB14) -> 12 | AE14: =ROUNDUP(AF14/3,0) -> 0 | AF14: =RANDBETWEEN(0,4) -> 0 | AG14: =ROUNDUP(AH14/3,0) -> 1 | AH14: =RANDBETWEEN(0,4) -> 2 | AI14: =ROUNDUP(AJ14/3,0) -> 1 | AJ14: =RANDBETWEEN(0,4) -> 1 | AK14: =ROUNDUP(AL14/3,0) -> 1 | AL14: =RANDBETWEEN(0,4) -> 2 | AM14: =ROUNDUP(AN14/3,0) -> 1 | AN14: =RANDBETWEEN(0,4) -> 2 | AO14: =ROUNDUP(AP14/3,0) -> 2 | AP14: =RANDBETWEEN(0,4) -> 4 | AQ14: =SUM(AG14,AI14,AK14,AM14,AO14) -> 6 | AR14: =SUM(AH14,AJ14,AL14,AN14,AP14) -> 11 | AS14: =ROUNDUP(AT14/3,0) -> 1 | AT14: =RANDBETWEEN(0,4) -> 1 | AU14: =ROUNDUP(AV14/3,0) -> 1 | AV14: =RANDBETWEEN(0,4) -> 3 | AW14: =ROUNDUP(AX14/3,0) -> 1 | AX14: =RANDBETWEEN(0,4) -> 1 | AY14: =ROUNDUP(AZ14/3,0) -> 0 | AZ14: =RANDBETWEEN(0,4) -> 0 | BA14: =ROUNDUP(BB14/3,0) -> 1 | BB14: =RANDBETWEEN(0,4) -> 1 | BC14: =SUM(AS14,AU14,AW14,AY14,BA14) -> 4 | BD14: =SUM(AT14,AV14,AX14,AZ14,BB14) -> 6 | BE14: =SUM(E14,G14,I14,O14,Q14,AC14,AQ14,BC14) -> 22 | BF14: =SUM(F14,H14,J14,P14,R14,AD14,AR14,BD14) -> 43 | BG14: =BF14*'ОВгП_РАО'!$B$12 -> #REF! | BH14: ='ОВгП_РАО'!$B$12 -> #REF!
A15: =A14 -> 46261 | B15: 155 мм Bonus | C15: ствольний | D15: середній протитанковий | E15: =ROUNDUP(F15/3,0) -> 1 | F15: =RANDBETWEEN(0,4) -> 1 | G15: =ROUNDUP(H15/3,0) -> 1 | H15: =RANDBETWEEN(0,4) -> 2 | I15: =ROUNDUP(J15/3,0) -> 1 | J15: =RANDBETWEEN(0,4) -> 2 | K15: =ROUNDUP(L15/3,0) -> 1 | L15: =RANDBETWEEN(0,4) -> 1 | M15: =ROUNDUP(N15/3,0) -> 0 | N15: =RANDBETWEEN(0,4) -> 0 | O15: =SUM(K15,M15) -> 1 | P15: =SUM(L15,N15) -> 1 | Q15: =ROUNDUP(R15/3,0) -> 1 | R15: =RANDBETWEEN(0,4) -> 3 | S15: =ROUNDUP(T15/3,0) -> 0 | T15: =RANDBETWEEN(0,4) -> 0 | U15: =ROUNDUP(V15/3,0) -> 1 | V15: =RANDBETWEEN(0,4) -> 2 | W15: =ROUNDUP(X15/3,0) -> 0 | X15: =RANDBETWEEN(0,4) -> 0 | Y15: =ROUNDUP(Z15/3,0) -> 2 | Z15: =RANDBETWEEN(0,4) -> 4 | AA15: =ROUNDUP(AB15/3,0) -> 1 | AB15: =RANDBETWEEN(0,4) -> 2 | AC15: =SUM(S15,U15,W15,Y15,AA15) -> 4 | AD15: =SUM(T15,V15,X15,Z15,AB15) -> 8 | AE15: =ROUNDUP(AF15/3,0) -> 1 | AF15: =RANDBETWEEN(0,4) -> 1 | AG15: =ROUNDUP(AH15/3,0) -> 2 | AH15: =RANDBETWEEN(0,4) -> 4 | AI15: =ROUNDUP(AJ15/3,0) -> 1 | AJ15: =RANDBETWEEN(0,4) -> 3 | AK15: =ROUNDUP(AL15/3,0) -> 2 | AL15: =RANDBETWEEN(0,4) -> 4 | AM15: =ROUNDUP(AN15/3,0) -> 1 | AN15: =RANDBETWEEN(0,4) -> 3 | AO15: =ROUNDUP(AP15/3,0) -> 2 | AP15: =RANDBETWEEN(0,4) -> 4 | AQ15: =SUM(AG15,AI15,AK15,AM15,AO15) -> 8 | AR15: =SUM(AH15,AJ15,AL15,AN15,AP15) -> 18 | AS15: =ROUNDUP(AT15/3,0) -> 1 | AT15: =RANDBETWEEN(0,4) -> 2 | AU15: =ROUNDUP(AV15/3,0) -> 1 | AV15: =RANDBETWEEN(0,4) -> 1 | AW15: =ROUNDUP(AX15/3,0) -> 1 | AX15: =RANDBETWEEN(0,4) -> 1 | AY15: =ROUNDUP(AZ15/3,0) -> 0 | AZ15: =RANDBETWEEN(0,4) -> 0 | BA15: =ROUNDUP(BB15/3,0) -> 2 | BB15: =RANDBETWEEN(0,4) -> 4 | BC15: =SUM(AS15,AU15,AW15,AY15,BA15) -> 5 | BD15: =SUM(AT15,AV15,AX15,AZ15,BB15) -> 8 | BE15: =SUM(E15,G15,I15,O15,Q15,AC15,AQ15,BC15) -> 22 | BF15: =SUM(F15,H15,J15,P15,R15,AD15,AR15,BD15) -> 43 | BG15: =BF15*'ОВгП_РАО'!$B$13 -> #REF! | BH15: ='ОВгП_РАО'!$B$13 -> #REF!
A16: =A15 -> 46261 | B16: 155 мм Vulcano | C16: ствольний | D16: середній протитанковий | E16: =ROUNDUP(F16/3,0) -> 1 | F16: =RANDBETWEEN(0,4) -> 1 | G16: =ROUNDUP(H16/3,0) -> 1 | H16: =RANDBETWEEN(0,4) -> 1 | I16: =ROUNDUP(J16/3,0) -> 1 | J16: =RANDBETWEEN(0,4) -> 1 | K16: =ROUNDUP(L16/3,0) -> 0 | L16: =RANDBETWEEN(0,4) -> 0 | M16: =ROUNDUP(N16/3,0) -> 1 | N16: =RANDBETWEEN(0,4) -> 2 | O16: =SUM(K16,M16) -> 1 | P16: =SUM(L16,N16) -> 2 | Q16: =ROUNDUP(R16/3,0) -> 1 | R16: =RANDBETWEEN(0,4) -> 3 | S16: =ROUNDUP(T16/3,0) -> 1 | T16: =RANDBETWEEN(0,4) -> 1 | U16: =ROUNDUP(V16/3,0) -> 0 | V16: =RANDBETWEEN(0,4) -> 0 | W16: =ROUNDUP(X16/3,0) -> 2 | X16: =RANDBETWEEN(0,4) -> 4 | Y16: =ROUNDUP(Z16/3,0) -> 1 | Z16: =RANDBETWEEN(0,4) -> 1 | AA16: =ROUNDUP(AB16/3,0) -> 1 | AB16: =RANDBETWEEN(0,4) -> 2 | AC16: =SUM(S16,U16,W16,Y16,AA16) -> 5 | AD16: =SUM(T16,V16,X16,Z16,AB16) -> 8 | AE16: =ROUNDUP(AF16/3,0) -> 2 | AF16: =RANDBETWEEN(0,4) -> 4 | AG16: =ROUNDUP(AH16/3,0) -> 1 | AH16: =RANDBETWEEN(0,4) -> 3 | AI16: =ROUNDUP(AJ16/3,0) -> 1 | AJ16: =RANDBETWEEN(0,4) -> 3 | AK16: =ROUNDUP(AL16/3,0) -> 1 | AL16: =RANDBETWEEN(0,4) -> 1 | AM16: =ROUNDUP(AN16/3,0) -> 1 | AN16: =RANDBETWEEN(0,4) -> 2 | AO16: =ROUNDUP(AP16/3,0) -> 2 | AP16: =RANDBETWEEN(0,4) -> 4 | AQ16: =SUM(AG16,AI16,AK16,AM16,AO16) -> 6 | AR16: =SUM(AH16,AJ16,AL16,AN16,AP16) -> 13 | AS16: =ROUNDUP(AT16/3,0) -> 1 | AT16: =RANDBETWEEN(0,4) -> 2 | AU16: =ROUNDUP(AV16/3,0) -> 1 | AV16: =RANDBETWEEN(0,4) -> 1 | AW16: =ROUNDUP(AX16/3,0) -> 1 | AX16: =RANDBETWEEN(0,4) -> 1 | AY16: =ROUNDUP(AZ16/3,0) -> 1 | AZ16: =RANDBETWEEN(0,4) -> 3 | BA16: =ROUNDUP(BB16/3,0) -> 0 | BB16: =RANDBETWEEN(0,4) -> 0 | BC16: =SUM(AS16,AU16,AW16,AY16,BA16) -> 4 | BD16: =SUM(AT16,AV16,AX16,AZ16,BB16) -> 7 | BE16: =SUM(E16,G16,I16,O16,Q16,AC16,AQ16,BC16) -> 20 | BF16: =SUM(F16,H16,J16,P16,R16,AD16,AR16,BD16) -> 36 | BG16: =BF16*'ОВгП_РАО'!$B$14 -> #REF! | BH16: ='ОВгП_РАО'!$B$14 -> #REF!
A17: =A16 -> 46261 | B17: 155 мм Smart | C17: ствольний | D17: середній протитанковий | E17: =ROUNDUP(F17/3,0) -> 2 | F17: =RANDBETWEEN(0,4) -> 4 | G17: =ROUNDUP(H17/3,0) -> 2 | H17: =RANDBETWEEN(0,4) -> 4 | I17: =ROUNDUP(J17/3,0) -> 1 | J17: =RANDBETWEEN(0,4) -> 3 | K17: =ROUNDUP(L17/3,0) -> 0 | L17: =RANDBETWEEN(0,4) -> 0 | M17: =ROUNDUP(N17/3,0) -> 1 | N17: =RANDBETWEEN(0,4) -> 2 | O17: =SUM(K17,M17) -> 1 | P17: =SUM(L17,N17) -> 2 | Q17: =ROUNDUP(R17/3,0) -> 2 | R17: =RANDBETWEEN(0,4) -> 4 | S17: =ROUNDUP(T17/3,0) -> 2 | T17: =RANDBETWEEN(0,4) -> 4 | U17: =ROUNDUP(V17/3,0) -> 1 | V17: =RANDBETWEEN(0,4) -> 2 | W17: =ROUNDUP(X17/3,0) -> 2 | X17: =RANDBETWEEN(0,4) -> 4 | Y17: =ROUNDUP(Z17/3,0) -> 1 | Z17: =RANDBETWEEN(0,4) -> 1 | AA17: =ROUNDUP(AB17/3,0) -> 0 | AB17: =RANDBETWEEN(0,4) -> 0 | AC17: =SUM(S17,U17,W17,Y17,AA17) -> 6 | AD17: =SUM(T17,V17,X17,Z17,AB17) -> 11 | AE17: =ROUNDUP(AF17/3,0) -> 1 | AF17: =RANDBETWEEN(0,4) -> 3 | AG17: =ROUNDUP(AH17/3,0) -> 2 | AH17: =RANDBETWEEN(0,4) -> 4 | AI17: =ROUNDUP(AJ17/3,0) -> 1 | AJ17: =RANDBETWEEN(0,4) -> 2 | AK17: =ROUNDUP(AL17/3,0) -> 2 | AL17: =RANDBETWEEN(0,4) -> 4 | AM17: =ROUNDUP(AN17/3,0) -> 0 | AN17: =RANDBETWEEN(0,4) -> 0 | AO17: =ROUNDUP(AP17/3,0) -> 2 | AP17: =RANDBETWEEN(0,4) -> 4 | AQ17: =SUM(AG17,AI17,AK17,AM17,AO17) -> 7 | AR17: =SUM(AH17,AJ17,AL17,AN17,AP17) -> 14 | AS17: =ROUNDUP(AT17/3,0) -> 0 | AT17: =RANDBETWEEN(0,4) -> 0 | AU17: =ROUNDUP(AV17/3,0) -> 2 | AV17: =RANDBETWEEN(0,4) -> 4 | AW17: =ROUNDUP(AX17/3,0) -> 1 | AX17: =RANDBETWEEN(0,4) -> 2 | AY17: =ROUNDUP(AZ17/3,0) -> 0 | AZ17: =RANDBETWEEN(0,4) -> 0 | BA17: =ROUNDUP(BB17/3,0) -> 0 | BB17: =RANDBETWEEN(0,4) -> 0 | BC17: =SUM(AS17,AU17,AW17,AY17,BA17) -> 3 | BD17: =SUM(AT17,AV17,AX17,AZ17,BB17) -> 6 | BE17: =SUM(E17,G17,I17,O17,Q17,AC17,AQ17,BC17) -> 24 | BF17: =SUM(F17,H17,J17,P17,R17,AD17,AR17,BD17) -> 48 | BG17: =BF17*'ОВгП_РАО'!$B$15 -> #REF! | BH17: ='ОВгП_РАО'!$B$15 -> #REF!
A18: =A17 -> 46261 | B18: 155 мм Coperhed | C18: ствольний | D18: середній протитанковий | E18: =ROUNDUP(F18/3,0) -> 2 | F18: =RANDBETWEEN(0,4) -> 4 | G18: =ROUNDUP(H18/3,0) -> 1 | H18: =RANDBETWEEN(0,4) -> 2 | I18: =ROUNDUP(J18/3,0) -> 1 | J18: =RANDBETWEEN(0,4) -> 3 | K18: =ROUNDUP(L18/3,0) -> 0 | L18: =RANDBETWEEN(0,4) -> 0 | M18: =ROUNDUP(N18/3,0) -> 1 | N18: =RANDBETWEEN(0,4) -> 3 | O18: =SUM(K18,M18) -> 1 | P18: =SUM(L18,N18) -> 3 | Q18: =ROUNDUP(R18/3,0) -> 1 | R18: =RANDBETWEEN(0,4) -> 1 | S18: =ROUNDUP(T18/3,0) -> 1 | T18: =RANDBETWEEN(0,4) -> 3 | U18: =ROUNDUP(V18/3,0) -> 0 | V18: =RANDBETWEEN(0,4) -> 0 | W18: =ROUNDUP(X18/3,0) -> 0 | X18: =RANDBETWEEN(0,4) -> 0 | Y18: =ROUNDUP(Z18/3,0) -> 0 | Z18: =RANDBETWEEN(0,4) -> 0 | AA18: =ROUNDUP(AB18/3,0) -> 1 | AB18: =RANDBETWEEN(0,4) -> 1 | AC18: =SUM(S18,U18,W18,Y18,AA18) -> 2 | AD18: =SUM(T18,V18,X18,Z18,AB18) -> 4 | AE18: =ROUNDUP(AF18/3,0) -> 1 | AF18: =RANDBETWEEN(0,4) -> 3 | AG18: =ROUNDUP(AH18/3,0) -> 2 | AH18: =RANDBETWEEN(0,4) -> 4 | AI18: =ROUNDUP(AJ18/3,0) -> 1 | AJ18: =RANDBETWEEN(0,4) -> 3 | AK18: =ROUNDUP(AL18/3,0) -> 1 | AL18: =RANDBETWEEN(0,4) -> 2 | AM18: =ROUNDUP(AN18/3,0) -> 1 | AN18: =RANDBETWEEN(0,4) -> 1 | AO18: =ROUNDUP(AP18/3,0) -> 1 | AP18: =RANDBETWEEN(0,4) -> 3 | AQ18: =SUM(AG18,AI18,AK18,AM18,AO18) -> 6 | AR18: =SUM(AH18,AJ18,AL18,AN18,AP18) -> 13 | AS18: =ROUNDUP(AT18/3,0) -> 1 | AT18: =RANDBETWEEN(0,4) -> 3 | AU18: =ROUNDUP(AV18/3,0) -> 1 | AV18: =RANDBETWEEN(0,4) -> 2 | AW18: =ROUNDUP(AX18/3,0) -> 2 | AX18: =RANDBETWEEN(0,4) -> 4 | AY18: =ROUNDUP(AZ18/3,0) -> 1 | AZ18: =RANDBETWEEN(0,4) -> 1 | BA18: =ROUNDUP(BB18/3,0) -> 1 | BB18: =RANDBETWEEN(0,4) -> 3 | BC18: =SUM(AS18,AU18,AW18,AY18,BA18) -> 6 | BD18: =SUM(AT18,AV18,AX18,AZ18,BB18) -> 13 | BE18: =SUM(E18,G18,I18,O18,Q18,AC18,AQ18,BC18) -> 20 | BF18: =SUM(F18,H18,J18,P18,R18,AD18,AR18,BD18) -> 43 | BG18: =BF18*'ОВгП_РАО'!$B$16 -> #REF! | BH18: ='ОВгП_РАО'!$B$16 -> #REF!
A19: =A18 -> 46261 | B19: 155 мм М864 (касетні) | C19: ствольний | D19: середній касетний | E19: =ROUNDUP(F19/3,0) -> 2 | F19: =RANDBETWEEN(0,4) -> 4 | G19: =ROUNDUP(H19/3,0) -> 1 | H19: =RANDBETWEEN(0,4) -> 1 | I19: =ROUNDUP(J19/3,0) -> 1 | J19: =RANDBETWEEN(0,4) -> 3 | K19: =ROUNDUP(L19/3,0) -> 1 | L19: =RANDBETWEEN(0,4) -> 2 | M19: =ROUNDUP(N19/3,0) -> 1 | N19: =RANDBETWEEN(0,4) -> 3 | O19: =SUM(K19,M19) -> 2 | P19: =SUM(L19,N19) -> 5 | Q19: =ROUNDUP(R19/3,0) -> 2 | R19: =RANDBETWEEN(0,4) -> 4 | S19: =ROUNDUP(T19/3,0) -> 1 | T19: =RANDBETWEEN(0,4) -> 2 | U19: =ROUNDUP(V19/3,0) -> 1 | V19: =RANDBETWEEN(0,4) -> 1 | W19: =ROUNDUP(X19/3,0) -> 0 | X19: =RANDBETWEEN(0,4) -> 0 | Y19: =ROUNDUP(Z19/3,0) -> 1 | Z19: =RANDBETWEEN(0,4) -> 1 | AA19: =ROUNDUP(AB19/3,0) -> 2 | AB19: =RANDBETWEEN(0,4) -> 4 | AC19: =SUM(S19,U19,W19,Y19,AA19) -> 5 | AD19: =SUM(T19,V19,X19,Z19,AB19) -> 8 | AE19: =ROUNDUP(AF19/3,0) -> 1 | AF19: =RANDBETWEEN(0,4) -> 2 | AG19: =ROUNDUP(AH19/3,0) -> 1 | AH19: =RANDBETWEEN(0,4) -> 1 | AI19: =ROUNDUP(AJ19/3,0) -> 1 | AJ19: =RANDBETWEEN(0,4) -> 1 | AK19: =ROUNDUP(AL19/3,0) -> 0 | AL19: =RANDBETWEEN(0,4) -> 0 | AM19: =ROUNDUP(AN19/3,0) -> 1 | AN19: =RANDBETWEEN(0,4) -> 3 | AO19: =ROUNDUP(AP19/3,0) -> 1 | AP19: =RANDBETWEEN(0,4) -> 1 | AQ19: =SUM(AG19,AI19,AK19,AM19,AO19) -> 4 | AR19: =SUM(AH19,AJ19,AL19,AN19,AP19) -> 6 | AS19: =ROUNDUP(AT19/3,0) -> 0 | AT19: =RANDBETWEEN(0,4) -> 0 | AU19: =ROUNDUP(AV19/3,0) -> 1 | AV19: =RANDBETWEEN(0,4) -> 2 | AW19: =ROUNDUP(AX19/3,0) -> 1 | AX19: =RANDBETWEEN(0,4) -> 2 | AY19: =ROUNDUP(AZ19/3,0) -> 1 | AZ19: =RANDBETWEEN(0,4) -> 1 | BA19: =ROUNDUP(BB19/3,0) -> 0 | BB19: =RANDBETWEEN(0,4) -> 0 | BC19: =SUM(AS19,AU19,AW19,AY19,BA19) -> 3 | BD19: =SUM(AT19,AV19,AX19,AZ19,BB19) -> 5 | BE19: =SUM(E19,G19,I19,O19,Q19,AC19,AQ19,BC19) -> 20 | BF19: =SUM(F19,H19,J19,P19,R19,AD19,AR19,BD19) -> 36 | BG19: =BF19*'ОВгП_РАО'!$B$17 -> #REF! | BH19: ='ОВгП_РАО'!$B$17 -> #REF!
A20: =A19 -> 46261 | B20: 155 мм М483 (касетні) | C20: ствольний | D20: середній касетний | E20: =ROUNDUP(F20/3,0) -> 1 | F20: =RANDBETWEEN(0,4) -> 2 | G20: =ROUNDUP(H20/3,0) -> 0 | H20: =RANDBETWEEN(0,4) -> 0 | I20: =ROUNDUP(J20/3,0) -> 1 | J20: =RANDBETWEEN(0,4) -> 2 | K20: =ROUNDUP(L20/3,0) -> 1 | L20: =RANDBETWEEN(0,4) -> 2 | M20: =ROUNDUP(N20/3,0) -> 0 | N20: =RANDBETWEEN(0,4) -> 0 | O20: =SUM(K20,M20) -> 1 | P20: =SUM(L20,N20) -> 2 | Q20: =ROUNDUP(R20/3,0) -> 1 | R20: =RANDBETWEEN(0,4) -> 2 | S20: =ROUNDUP(T20/3,0) -> 1 | T20: =RANDBETWEEN(0,4) -> 3 | U20: =ROUNDUP(V20/3,0) -> 1 | V20: =RANDBETWEEN(0,4) -> 1 | W20: =ROUNDUP(X20/3,0) -> 2 | X20: =RANDBETWEEN(0,4) -> 4 | Y20: =ROUNDUP(Z20/3,0) -> 2 | Z20: =RANDBETWEEN(0,4) -> 4 | AA20: =ROUNDUP(AB20/3,0) -> 1 | AB20: =RANDBETWEEN(0,4) -> 2 | AC20: =SUM(S20,U20,W20,Y20,AA20) -> 7 | AD20: =SUM(T20,V20,X20,Z20,AB20) -> 14 | AE20: =ROUNDUP(AF20/3,0) -> 1 | AF20: =RANDBETWEEN(0,4) -> 2 | AG20: =ROUNDUP(AH20/3,0) -> 0 | AH20: =RANDBETWEEN(0,4) -> 0 | AI20: =ROUNDUP(AJ20/3,0) -> 1 | AJ20: =RANDBETWEEN(0,4) -> 1 | AK20: =ROUNDUP(AL20/3,0) -> 0 | AL20: =RANDBETWEEN(0,4) -> 0 | AM20: =ROUNDUP(AN20/3,0) -> 0 | AN20: =RANDBETWEEN(0,4) -> 0 | AO20: =ROUNDUP(AP20/3,0) -> 0 | AP20: =RANDBETWEEN(0,4) -> 0 | AQ20: =SUM(AG20,AI20,AK20,AM20,AO20) -> 1 | AR20: =SUM(AH20,AJ20,AL20,AN20,AP20) -> 1 | AS20: =ROUNDUP(AT20/3,0) -> 1 | AT20: =RANDBETWEEN(0,4) -> 1 | AU20: =ROUNDUP(AV20/3,0) -> 1 | AV20: =RANDBETWEEN(0,4) -> 3 | AW20: =ROUNDUP(AX20/3,0) -> 1 | AX20: =RANDBETWEEN(0,4) -> 1 | AY20: =ROUNDUP(AZ20/3,0) -> 1 | AZ20: =RANDBETWEEN(0,4) -> 1 | BA20: =ROUNDUP(BB20/3,0) -> 0 | BB20: =RANDBETWEEN(0,4) -> 0 | BC20: =SUM(AS20,AU20,AW20,AY20,BA20) -> 4 | BD20: =SUM(AT20,AV20,AX20,AZ20,BB20) -> 6 | BE20: =SUM(E20,G20,I20,O20,Q20,AC20,AQ20,BC20) -> 16 | BF20: =SUM(F20,H20,J20,P20,R20,AD20,AR20,BD20) -> 29 | BG20: =BF20*'ОВгП_РАО'!$B$18 -> #REF! | BH20: ='ОВгП_РАО'!$B$18 -> #REF!
A21: =A20 -> 46261 | B21: 155 мм М741 (ДМ) | C21: ствольний | D21: середній дистанційне мінування | E21: =ROUNDUP(F21/3,0) -> 1 | F21: =RANDBETWEEN(0,4) -> 2 | G21: =ROUNDUP(H21/3,0) -> 2 | H21: =RANDBETWEEN(0,4) -> 4 | I21: =ROUNDUP(J21/3,0) -> 2 | J21: =RANDBETWEEN(0,4) -> 4 | K21: =ROUNDUP(L21/3,0) -> 0 | L21: =RANDBETWEEN(0,4) -> 0 | M21: =ROUNDUP(N21/3,0) -> 2 | N21: =RANDBETWEEN(0,4) -> 4 | O21: =SUM(K21,M21) -> 2 | P21: =SUM(L21,N21) -> 4 | Q21: =ROUNDUP(R21/3,0) -> 0 | R21: =RANDBETWEEN(0,4) -> 0 | S21: =ROUNDUP(T21/3,0) -> 0 | T21: =RANDBETWEEN(0,4) -> 0 | U21: =ROUNDUP(V21/3,0) -> 1 | V21: =RANDBETWEEN(0,4) -> 1 | W21: =ROUNDUP(X21/3,0) -> 1 | X21: =RANDBETWEEN(0,4) -> 1 | Y21: =ROUNDUP(Z21/3,0) -> 1 | Z21: =RANDBETWEEN(0,4) -> 3 | AA21: =ROUNDUP(AB21/3,0) -> 2 | AB21: =RANDBETWEEN(0,4) -> 4 | AC21: =SUM(S21,U21,W21,Y21,AA21) -> 5 | AD21: =SUM(T21,V21,X21,Z21,AB21) -> 9 | AE21: =ROUNDUP(AF21/3,0) -> 1 | AF21: =RANDBETWEEN(0,4) -> 1 | AG21: =ROUNDUP(AH21/3,0) -> 2 | AH21: =RANDBETWEEN(0,4) -> 4 | AI21: =ROUNDUP(AJ21/3,0) -> 2 | AJ21: =RANDBETWEEN(0,4) -> 4 | AK21: =ROUNDUP(AL21/3,0) -> 0 | AL21: =RANDBETWEEN(0,4) -> 0 | AM21: =ROUNDUP(AN21/3,0) -> 1 | AN21: =RANDBETWEEN(0,4) -> 3 | AO21: =ROUNDUP(AP21/3,0) -> 1 | AP21: =RANDBETWEEN(0,4) -> 1 | AQ21: =SUM(AG21,AI21,AK21,AM21,AO21) -> 6 | AR21: =SUM(AH21,AJ21,AL21,AN21,AP21) -> 12 | AS21: =ROUNDUP(AT21/3,0) -> 0 | AT21: =RANDBETWEEN(0,4) -> 0 | AU21: =ROUNDUP(AV21/3,0) -> 2 | AV21: =RANDBETWEEN(0,4) -> 4 | AW21: =ROUNDUP(AX21/3,0) -> 1 | AX21: =RANDBETWEEN(0,4) -> 3 | AY21: =ROUNDUP(AZ21/3,0) -> 1 | AZ21: =RANDBETWEEN(0,4) -> 1 | BA21: =ROUNDUP(BB21/3,0) -> 1 | BB21: =RANDBETWEEN(0,4) -> 2 | BC21: =SUM(AS21,AU21,AW21,AY21,BA21) -> 5 | BD21: =SUM(AT21,AV21,AX21,AZ21,BB21) -> 10 | BE21: =SUM(E21,G21,I21,O21,Q21,AC21,AQ21,BC21) -> 23 | BF21: =SUM(F21,H21,J21,P21,R21,AD21,AR21,BD21) -> 45 | BG21: =BF21*'ОВгП_РАО'!$B$19 -> #REF! | BH21: ='ОВгП_РАО'!$B$19 -> #REF!
A22: =A21 -> 46261 | B22: 155 мм М692 (ДМ) | C22: ствольний | D22: середній дистанційне мінування | E22: =ROUNDUP(F22/3,0) -> 1 | F22: =RANDBETWEEN(0,4) -> 2 | G22: =ROUNDUP(H22/3,0) -> 2 | H22: =RANDBETWEEN(0,4) -> 4 | I22: =ROUNDUP(J22/3,0) -> 1 | J22: =RANDBETWEEN(0,4) -> 2 | K22: =ROUNDUP(L22/3,0) -> 0 | L22: =RANDBETWEEN(0,4) -> 0 | M22: =ROUNDUP(N22/3,0) -> 2 | N22: =RANDBETWEEN(0,4) -> 4 | O22: =SUM(K22,M22) -> 2 | P22: =SUM(L22,N22) -> 4 | Q22: =ROUNDUP(R22/3,0) -> 2 | R22: =RANDBETWEEN(0,4) -> 4 | S22: =ROUNDUP(T22/3,0) -> 1 | T22: =RANDBETWEEN(0,4) -> 2 | U22: =ROUNDUP(V22/3,0) -> 1 | V22: =RANDBETWEEN(0,4) -> 1 | W22: =ROUNDUP(X22/3,0) -> 1 | X22: =RANDBETWEEN(0,4) -> 2 | Y22: =ROUNDUP(Z22/3,0) -> 1 | Z22: =RANDBETWEEN(0,4) -> 3 | AA22: =ROUNDUP(AB22/3,0) -> 1 | AB22: =RANDBETWEEN(0,4) -> 2 | AC22: =SUM(S22,U22,W22,Y22,AA22) -> 5 | AD22: =SUM(T22,V22,X22,Z22,AB22) -> 10 | AE22: =ROUNDUP(AF22/3,0) -> 2 | AF22: =RANDBETWEEN(0,4) -> 4 | AG22: =ROUNDUP(AH22/3,0) -> 1 | AH22: =RANDBETWEEN(0,4) -> 3 | AI22: =ROUNDUP(AJ22/3,0) -> 0 | AJ22: =RANDBETWEEN(0,4) -> 0 | AK22: =ROUNDUP(AL22/3,0) -> 1 | AL22: =RANDBETWEEN(0,4) -> 3 | AM22: =ROUNDUP(AN22/3,0) -> 2 | AN22: =RANDBETWEEN(0,4) -> 4 | AO22: =ROUNDUP(AP22/3,0) -> 1 | AP22: =RANDBETWEEN(0,4) -> 3 | AQ22: =SUM(AG22,AI22,AK22,AM22,AO22) -> 5 | AR22: =SUM(AH22,AJ22,AL22,AN22,AP22) -> 13 | AS22: =ROUNDUP(AT22/3,0) -> 2 | AT22: =RANDBETWEEN(0,4) -> 4 | AU22: =ROUNDUP(AV22/3,0) -> 1 | AV22: =RANDBETWEEN(0,4) -> 2 | AW22: =ROUNDUP(AX22/3,0) -> 1 | AX22: =RANDBETWEEN(0,4) -> 3 | AY22: =ROUNDUP(AZ22/3,0) -> 1 | AZ22: =RANDBETWEEN(0,4) -> 2 | BA22: =ROUNDUP(BB22/3,0) -> 2 | BB22: =RANDBETWEEN(0,4) -> 4 | BC22: =SUM(AS22,AU22,AW22,AY22,BA22) -> 7 | BD22: =SUM(AT22,AV22,AX22,AZ22,BB22) -> 15 | BE22: =SUM(E22,G22,I22,O22,Q22,AC22,AQ22,BC22) -> 25 | BF22: =SUM(F22,H22,J22,P22,R22,AD22,AR22,BD22) -> 54 | BG22: =BF22*'ОВгП_РАО'!$B$20 -> #REF! | BH22: ='ОВгП_РАО'!$B$20 -> #REF!
A23: =A22 -> 46261 | B23: 155 мм М731 (ДМ) | C23: ствольний | D23: середній дистанційне мінування | E23: =ROUNDUP(F23/3,0) -> 1 | F23: =RANDBETWEEN(0,4) -> 2 | G23: =ROUNDUP(H23/3,0) -> 1 | H23: =RANDBETWEEN(0,4) -> 1 | I23: =ROUNDUP(J23/3,0) -> 1 | J23: =RANDBETWEEN(0,4) -> 1 | K23: =ROUNDUP(L23/3,0) -> 1 | L23: =RANDBETWEEN(0,4) -> 3 | M23: =ROUNDUP(N23/3,0) -> 2 | N23: =RANDBETWEEN(0,4) -> 4 | O23: =SUM(K23,M23) -> 3 | P23: =SUM(L23,N23) -> 7 | Q23: =ROUNDUP(R23/3,0) -> 1 | R23: =RANDBETWEEN(0,4) -> 2 | S23: =ROUNDUP(T23/3,0) -> 0 | T23: =RANDBETWEEN(0,4) -> 0 | U23: =ROUNDUP(V23/3,0) -> 0 | V23: =RANDBETWEEN(0,4) -> 0 | W23: =ROUNDUP(X23/3,0) -> 2 | X23: =RANDBETWEEN(0,4) -> 4 | Y23: =ROUNDUP(Z23/3,0) -> 2 | Z23: =RANDBETWEEN(0,4) -> 4 | AA23: =ROUNDUP(AB23/3,0) -> 0 | AB23: =RANDBETWEEN(0,4) -> 0 | AC23: =SUM(S23,U23,W23,Y23,AA23) -> 4 | AD23: =SUM(T23,V23,X23,Z23,AB23) -> 8 | AE23: =ROUNDUP(AF23/3,0) -> 2 | AF23: =RANDBETWEEN(0,4) -> 4 | AG23: =ROUNDUP(AH23/3,0) -> 0 | AH23: =RANDBETWEEN(0,4) -> 0 | AI23: =ROUNDUP(AJ23/3,0) -> 1 | AJ23: =RANDBETWEEN(0,4) -> 2 | AK23: =ROUNDUP(AL23/3,0) -> 1 | AL23: =RANDBETWEEN(0,4) -> 3 | AM23: =ROUNDUP(AN23/3,0) -> 1 | AN23: =RANDBETWEEN(0,4) -> 2 | AO23: =ROUNDUP(AP23/3,0) -> 1 | AP23: =RANDBETWEEN(0,4) -> 3 | AQ23: =SUM(AG23,AI23,AK23,AM23,AO23) -> 4 | AR23: =SUM(AH23,AJ23,AL23,AN23,AP23) -> 10 | AS23: =ROUNDUP(AT23/3,0) -> 1 | AT23: =RANDBETWEEN(0,4) -> 2 | AU23: =ROUNDUP(AV23/3,0) -> 1 | AV23: =RANDBETWEEN(0,4) -> 1 | AW23: =ROUNDUP(AX23/3,0) -> 1 | AX23: =RANDBETWEEN(0,4) -> 2 | AY23: =ROUNDUP(AZ23/3,0) -> 2 | AZ23: =RANDBETWEEN(0,4) -> 4 | BA23: =ROUNDUP(BB23/3,0) -> 0 | BB23: =RANDBETWEEN(0,4) -> 0 | BC23: =SUM(AS23,AU23,AW23,AY23,BA23) -> 5 | BD23: =SUM(AT23,AV23,AX23,AZ23,BB23) -> 9 | BE23: =SUM(E23,G23,I23,O23,Q23,AC23,AQ23,BC23) -> 20 | BF23: =SUM(F23,H23,J23,P23,R23,AD23,AR23,BD23) -> 40 | BG23: =BF23*'ОВгП_РАО'!$B$21 -> #REF! | BH23: ='ОВгП_РАО'!$B$21 -> #REF!
A24: =A23 -> 46261 | B24: 300 мм РС | C24: РСЗВ | D24: важкий | E24: =ROUNDUP(F24/3,0) -> 0 | F24: =RANDBETWEEN(0,4) -> 0 | G24: =ROUNDUP(H24/3,0) -> 1 | H24: =RANDBETWEEN(0,4) -> 2 | I24: =ROUNDUP(J24/3,0) -> 0 | J24: =RANDBETWEEN(0,4) -> 0 | K24: =ROUNDUP(L24/3,0) -> 1 | L24: =RANDBETWEEN(0,4) -> 2 | M24: =ROUNDUP(N24/3,0) -> 1 | N24: =RANDBETWEEN(0,4) -> 1 | O24: =SUM(K24,M24) -> 2 | P24: =SUM(L24,N24) -> 3 | Q24: =ROUNDUP(R24/3,0) -> 2 | R24: =RANDBETWEEN(0,4) -> 4 | S24: =ROUNDUP(T24/3,0) -> 0 | T24: =RANDBETWEEN(0,4) -> 0 | U24: =ROUNDUP(V24/3,0) -> 1 | V24: =RANDBETWEEN(0,4) -> 2 | W24: =ROUNDUP(X24/3,0) -> 1 | X24: =RANDBETWEEN(0,4) -> 1 | Y24: =ROUNDUP(Z24/3,0) -> 1 | Z24: =RANDBETWEEN(0,4) -> 1 | AA24: =ROUNDUP(AB24/3,0) -> 0 | AB24: =RANDBETWEEN(0,4) -> 0 | AC24: =SUM(S24,U24,W24,Y24,AA24) -> 3 | AD24: =SUM(T24,V24,X24,Z24,AB24) -> 4 | AE24: =ROUNDUP(AF24/3,0) -> 1 | AF24: =RANDBETWEEN(0,4) -> 3 | AG24: =ROUNDUP(AH24/3,0) -> 0 | AH24: =RANDBETWEEN(0,4) -> 0 | AI24: =ROUNDUP(AJ24/3,0) -> 1 | AJ24: =RANDBETWEEN(0,4) -> 1 | AK24: =ROUNDUP(AL24/3,0) -> 2 | AL24: =RANDBETWEEN(0,4) -> 4 | AM24: =ROUNDUP(AN24/3,0) -> 1 | AN24: =RANDBETWEEN(0,4) -> 2 | AO24: =ROUNDUP(AP24/3,0) -> 0 | AP24: =RANDBETWEEN(0,4) -> 0 | AQ24: =SUM(AG24,AI24,AK24,AM24,AO24) -> 4 | AR24: =SUM(AH24,AJ24,AL24,AN24,AP24) -> 7 | AS24: =ROUNDUP(AT24/3,0) -> 0 | AT24: =RANDBETWEEN(0,4) -> 0 | AU24: =ROUNDUP(AV24/3,0) -> 0 | AV24: =RANDBETWEEN(0,4) -> 0 | AW24: =ROUNDUP(AX24/3,0) -> 1 | AX24: =RANDBETWEEN(0,4) -> 3 | AY24: =ROUNDUP(AZ24/3,0) -> 2 | AZ24: =RANDBETWEEN(0,4) -> 4 | BA24: =ROUNDUP(BB24/3,0) -> 2 | BB24: =RANDBETWEEN(0,4) -> 4 | BC24: =SUM(AS24,AU24,AW24,AY24,BA24) -> 5 | BD24: =SUM(AT24,AV24,AX24,AZ24,BB24) -> 11 | BE24: =SUM(E24,G24,I24,O24,Q24,AC24,AQ24,BC24) -> 17 | BF24: =SUM(F24,H24,J24,P24,R24,AD24,AR24,BD24) -> 31 | BG24: =BF24*'ОВгП_РАО'!$B$22 -> #REF! | BH24: ='ОВгП_РАО'!$B$22 -> #REF!
A25: =A24 -> 46261 | B25: 220 мм РС | C25: РСЗВ | D25: важкий | E25: =ROUNDUP(F25/3,0) -> 0 | F25: =RANDBETWEEN(0,4) -> 0 | G25: =ROUNDUP(H25/3,0) -> 1 | H25: =RANDBETWEEN(0,4) -> 1 | I25: =ROUNDUP(J25/3,0) -> 2 | J25: =RANDBETWEEN(0,4) -> 4 | K25: =ROUNDUP(L25/3,0) -> 0 | L25: =RANDBETWEEN(0,4) -> 0 | M25: =ROUNDUP(N25/3,0) -> 2 | N25: =RANDBETWEEN(0,4) -> 4 | O25: =SUM(K25,M25) -> 2 | P25: =SUM(L25,N25) -> 4 | Q25: =ROUNDUP(R25/3,0) -> 1 | R25: =RANDBETWEEN(0,4) -> 2 | S25: =ROUNDUP(T25/3,0) -> 1 | T25: =RANDBETWEEN(0,4) -> 3 | U25: =ROUNDUP(V25/3,0) -> 0 | V25: =RANDBETWEEN(0,4) -> 0 | W25: =ROUNDUP(X25/3,0) -> 1 | X25: =RANDBETWEEN(0,4) -> 1 | Y25: =ROUNDUP(Z25/3,0) -> 1 | Z25: =RANDBETWEEN(0,4) -> 3 | AA25: =ROUNDUP(AB25/3,0) -> 2 | AB25: =RANDBETWEEN(0,4) -> 4 | AC25: =SUM(S25,U25,W25,Y25,AA25) -> 5 | AD25: =SUM(T25,V25,X25,Z25,AB25) -> 11 | AE25: =ROUNDUP(AF25/3,0) -> 2 | AF25: =RANDBETWEEN(0,4) -> 4 | AG25: =ROUNDUP(AH25/3,0) -> 1 | AH25: =RANDBETWEEN(0,4) -> 2 | AI25: =ROUNDUP(AJ25/3,0) -> 1 | AJ25: =RANDBETWEEN(0,4) -> 3 | AK25: =ROUNDUP(AL25/3,0) -> 2 | AL25: =RANDBETWEEN(0,4) -> 4 | AM25: =ROUNDUP(AN25/3,0) -> 1 | AN25: =RANDBETWEEN(0,4) -> 1 | AO25: =ROUNDUP(AP25/3,0) -> 2 | AP25: =RANDBETWEEN(0,4) -> 4 | AQ25: =SUM(AG25,AI25,AK25,AM25,AO25) -> 7 | AR25: =SUM(AH25,AJ25,AL25,AN25,AP25) -> 14 | AS25: =ROUNDUP(AT25/3,0) -> 1 | AT25: =RANDBETWEEN(0,4) -> 1 | AU25: =ROUNDUP(AV25/3,0) -> 1 | AV25: =RANDBETWEEN(0,4) -> 2 | AW25: =ROUNDUP(AX25/3,0) -> 1 | AX25: =RANDBETWEEN(0,4) -> 3 | AY25: =ROUNDUP(AZ25/3,0) -> 2 | AZ25: =RANDBETWEEN(0,4) -> 4 | BA25: =ROUNDUP(BB25/3,0) -> 2 | BB25: =RANDBETWEEN(0,4) -> 4 | BC25: =SUM(AS25,AU25,AW25,AY25,BA25) -> 7 | BD25: =SUM(AT25,AV25,AX25,AZ25,BB25) -> 14 | BE25: =SUM(E25,G25,I25,O25,Q25,AC25,AQ25,BC25) -> 25 | BF25: =SUM(F25,H25,J25,P25,R25,AD25,AR25,BD25) -> 50 | BG25: =BF25*'ОВгП_РАО'!$B$23 -> #REF! | BH25: ='ОВгП_РАО'!$B$23 -> #REF!
A26: =A25 -> 46261 | B26: 128 мм РС | C26: РСЗВ | D26: середній | E26: =ROUNDUP(F26/3,0) -> 0 | F26: =RANDBETWEEN(0,4) -> 0 | G26: =ROUNDUP(H26/3,0) -> 1 | H26: =RANDBETWEEN(0,4) -> 3 | I26: =ROUNDUP(J26/3,0) -> 1 | J26: =RANDBETWEEN(0,4) -> 1 | K26: =ROUNDUP(L26/3,0) -> 0 | L26: =RANDBETWEEN(0,4) -> 0 | M26: =ROUNDUP(N26/3,0) -> 0 | N26: =RANDBETWEEN(0,4) -> 0 | O26: =SUM(K26,M26) -> 0 | P26: =SUM(L26,N26) -> 0 | Q26: =ROUNDUP(R26/3,0) -> 2 | R26: =RANDBETWEEN(0,4) -> 4 | S26: =ROUNDUP(T26/3,0) -> 1 | T26: =RANDBETWEEN(0,4) -> 2 | U26: =ROUNDUP(V26/3,0) -> 0 | V26: =RANDBETWEEN(0,4) -> 0 | W26: =ROUNDUP(X26/3,0) -> 0 | X26: =RANDBETWEEN(0,4) -> 0 | Y26: =ROUNDUP(Z26/3,0) -> 1 | Z26: =RANDBETWEEN(0,4) -> 1 | AA26: =ROUNDUP(AB26/3,0) -> 1 | AB26: =RANDBETWEEN(0,4) -> 3 | AC26: =SUM(S26,U26,W26,Y26,AA26) -> 3 | AD26: =SUM(T26,V26,X26,Z26,AB26) -> 6 | AE26: =ROUNDUP(AF26/3,0) -> 1 | AF26: =RANDBETWEEN(0,4) -> 1 | AG26: =ROUNDUP(AH26/3,0) -> 2 | AH26: =RANDBETWEEN(0,4) -> 4 | AI26: =ROUNDUP(AJ26/3,0) -> 1 | AJ26: =RANDBETWEEN(0,4) -> 2 | AK26: =ROUNDUP(AL26/3,0) -> 2 | AL26: =RANDBETWEEN(0,4) -> 4 | AM26: =ROUNDUP(AN26/3,0) -> 1 | AN26: =RANDBETWEEN(0,4) -> 3 | AO26: =ROUNDUP(AP26/3,0) -> 2 | AP26: =RANDBETWEEN(0,4) -> 4 | AQ26: =SUM(AG26,AI26,AK26,AM26,AO26) -> 8 | AR26: =SUM(AH26,AJ26,AL26,AN26,AP26) -> 17 | AS26: =ROUNDUP(AT26/3,0) -> 1 | AT26: =RANDBETWEEN(0,4) -> 2 | AU26: =ROUNDUP(AV26/3,0) -> 1 | AV26: =RANDBETWEEN(0,4) -> 3 | AW26: =ROUNDUP(AX26/3,0) -> 2 | AX26: =RANDBETWEEN(0,4) -> 4 | AY26: =ROUNDUP(AZ26/3,0) -> 1 | AZ26: =RANDBETWEEN(0,4) -> 2 | BA26: =ROUNDUP(BB26/3,0) -> 2 | BB26: =RANDBETWEEN(0,4) -> 4 | BC26: =SUM(AS26,AU26,AW26,AY26,BA26) -> 7 | BD26: =SUM(AT26,AV26,AX26,AZ26,BB26) -> 15 | BE26: =SUM(E26,G26,I26,O26,Q26,AC26,AQ26,BC26) -> 22 | BF26: =SUM(F26,H26,J26,P26,R26,AD26,AR26,BD26) -> 46 | BG26: =BF26*'ОВгП_РАО'!$B$24 -> #REF! | BH26: ='ОВгП_РАО'!$B$24 -> #REF!
A27: =A26 -> 46261 | B27: 122 мм РС | C27: РСЗВ | D27: середній | E27: =ROUNDUP(F27/3,0) -> 1 | F27: =RANDBETWEEN(0,4) -> 3 | G27: =ROUNDUP(H27/3,0) -> 1 | H27: =RANDBETWEEN(0,4) -> 3 | I27: =ROUNDUP(J27/3,0) -> 1 | J27: =RANDBETWEEN(0,4) -> 3 | K27: =ROUNDUP(L27/3,0) -> 1 | L27: =RANDBETWEEN(0,4) -> 3 | M27: =ROUNDUP(N27/3,0) -> 1 | N27: =RANDBETWEEN(0,4) -> 3 | O27: =SUM(K27,M27) -> 2 | P27: =SUM(L27,N27) -> 6 | Q27: =ROUNDUP(R27/3,0) -> 1 | R27: =RANDBETWEEN(0,4) -> 3 | S27: =ROUNDUP(T27/3,0) -> 1 | T27: =RANDBETWEEN(0,4) -> 3 | U27: =ROUNDUP(V27/3,0) -> 0 | V27: =RANDBETWEEN(0,4) -> 0 | W27: =ROUNDUP(X27/3,0) -> 0 | X27: =RANDBETWEEN(0,4) -> 0 | Y27: =ROUNDUP(Z27/3,0) -> 0 | Z27: =RANDBETWEEN(0,4) -> 0 | AA27: =ROUNDUP(AB27/3,0) -> 0 | AB27: =RANDBETWEEN(0,4) -> 0 | AC27: =SUM(S27,U27,W27,Y27,AA27) -> 1 | AD27: =SUM(T27,V27,X27,Z27,AB27) -> 3 | AE27: =ROUNDUP(AF27/3,0) -> 1 | AF27: =RANDBETWEEN(0,4) -> 1 | AG27: =ROUNDUP(AH27/3,0) -> 0 | AH27: =RANDBETWEEN(0,4) -> 0 | AI27: =ROUNDUP(AJ27/3,0) -> 1 | AJ27: =RANDBETWEEN(0,4) -> 1 | AK27: =ROUNDUP(AL27/3,0) -> 1 | AL27: =RANDBETWEEN(0,4) -> 3 | AM27: =ROUNDUP(AN27/3,0) -> 1 | AN27: =RANDBETWEEN(0,4) -> 1 | AO27: =ROUNDUP(AP27/3,0) -> 0 | AP27: =RANDBETWEEN(0,4) -> 0 | AQ27: =SUM(AG27,AI27,AK27,AM27,AO27) -> 3 | AR27: =SUM(AH27,AJ27,AL27,AN27,AP27) -> 5 | AS27: =ROUNDUP(AT27/3,0) -> 1 | AT27: =RANDBETWEEN(0,4) -> 1 | AU27: =ROUNDUP(AV27/3,0) -> 1 | AV27: =RANDBETWEEN(0,4) -> 3 | AW27: =ROUNDUP(AX27/3,0) -> 1 | AX27: =RANDBETWEEN(0,4) -> 1 | AY27: =ROUNDUP(AZ27/3,0) -> 1 | AZ27: =RANDBETWEEN(0,4) -> 1 | BA27: =ROUNDUP(BB27/3,0) -> 2 | BB27: =RANDBETWEEN(0,4) -> 4 | BC27: =SUM(AS27,AU27,AW27,AY27,BA27) -> 6 | BD27: =SUM(AT27,AV27,AX27,AZ27,BB27) -> 10 | BE27: =SUM(E27,G27,I27,O27,Q27,AC27,AQ27,BC27) -> 16 | BF27: =SUM(F27,H27,J27,P27,R27,AD27,AR27,BD27) -> 36 | BG27: =BF27*'ОВгП_РАО'!$B$25 -> #REF! | BH27: ='ОВгП_РАО'!$B$25 -> #REF!
A28: =A27 -> 46261 | B28: 70 мм РС | C28: РСЗВ | D28: легкий | E28: =ROUNDUP(F28/3,0) -> 2 | F28: =RANDBETWEEN(0,4) -> 4 | G28: =ROUNDUP(H28/3,0) -> 2 | H28: =RANDBETWEEN(0,4) -> 4 | I28: =ROUNDUP(J28/3,0) -> 1 | J28: =RANDBETWEEN(0,4) -> 2 | K28: =ROUNDUP(L28/3,0) -> 1 | L28: =RANDBETWEEN(0,4) -> 1 | M28: =ROUNDUP(N28/3,0) -> 1 | N28: =RANDBETWEEN(0,4) -> 3 | O28: =SUM(K28,M28) -> 2 | P28: =SUM(L28,N28) -> 4 | Q28: =ROUNDUP(R28/3,0) -> 2 | R28: =RANDBETWEEN(0,4) -> 4 | S28: =ROUNDUP(T28/3,0) -> 1 | T28: =RANDBETWEEN(0,4) -> 3 | U28: =ROUNDUP(V28/3,0) -> 2 | V28: =RANDBETWEEN(0,4) -> 4 | W28: =ROUNDUP(X28/3,0) -> 1 | X28: =RANDBETWEEN(0,4) -> 1 | Y28: =ROUNDUP(Z28/3,0) -> 2 | Z28: =RANDBETWEEN(0,4) -> 4 | AA28: =ROUNDUP(AB28/3,0) -> 1 | AB28: =RANDBETWEEN(0,4) -> 3 | AC28: =SUM(S28,U28,W28,Y28,AA28) -> 7 | AD28: =SUM(T28,V28,X28,Z28,AB28) -> 15 | AE28: =ROUNDUP(AF28/3,0) -> 2 | AF28: =RANDBETWEEN(0,4) -> 4 | AG28: =ROUNDUP(AH28/3,0) -> 1 | AH28: =RANDBETWEEN(0,4) -> 2 | AI28: =ROUNDUP(AJ28/3,0) -> 1 | AJ28: =RANDBETWEEN(0,4) -> 2 | AK28: =ROUNDUP(AL28/3,0) -> 0 | AL28: =RANDBETWEEN(0,4) -> 0 | AM28: =ROUNDUP(AN28/3,0) -> 1 | AN28: =RANDBETWEEN(0,4) -> 3 | AO28: =ROUNDUP(AP28/3,0) -> 1 | AP28: =RANDBETWEEN(0,4) -> 2 | AQ28: =SUM(AG28,AI28,AK28,AM28,AO28) -> 4 | AR28: =SUM(AH28,AJ28,AL28,AN28,AP28) -> 9 | AS28: =ROUNDUP(AT28/3,0) -> 1 | AT28: =RANDBETWEEN(0,4) -> 3 | AU28: =ROUNDUP(AV28/3,0) -> 0 | AV28: =RANDBETWEEN(0,4) -> 0 | AW28: =ROUNDUP(AX28/3,0) -> 1 | AX28: =RANDBETWEEN(0,4) -> 1 | AY28: =ROUNDUP(AZ28/3,0) -> 1 | AZ28: =RANDBETWEEN(0,4) -> 1 | BA28: =ROUNDUP(BB28/3,0) -> 2 | BB28: =RANDBETWEEN(0,4) -> 4 | BC28: =SUM(AS28,AU28,AW28,AY28,BA28) -> 5 | BD28: =SUM(AT28,AV28,AX28,AZ28,BB28) -> 9 | BE28: =SUM(E28,G28,I28,O28,Q28,AC28,AQ28,BC28) -> 25 | BF28: =SUM(F28,H28,J28,P28,R28,AD28,AR28,BD28) -> 51 | BG28: =BF28*'ОВгП_РАО'!$B$26 -> #REF! | BH28: ='ОВгП_РАО'!$B$26 -> #REF!
A29: =A28 -> 46261 | B29: 203 мм | C29: ствольний | D29: важкий ОФ | E29: =ROUNDUP(F29/3,0) -> 1 | F29: =RANDBETWEEN(0,4) -> 1 | G29: =ROUNDUP(H29/3,0) -> 1 | H29: =RANDBETWEEN(0,4) -> 2 | I29: =ROUNDUP(J29/3,0) -> 1 | J29: =RANDBETWEEN(0,4) -> 3 | K29: =ROUNDUP(L29/3,0) -> 1 | L29: =RANDBETWEEN(0,4) -> 1 | M29: =ROUNDUP(N29/3,0) -> 1 | N29: =RANDBETWEEN(0,4) -> 1 | O29: =SUM(K29,M29) -> 2 | P29: =SUM(L29,N29) -> 2 | Q29: =ROUNDUP(R29/3,0) -> 1 | R29: =RANDBETWEEN(0,4) -> 2 | S29: =ROUNDUP(T29/3,0) -> 0 | T29: =RANDBETWEEN(0,4) -> 0 | U29: =ROUNDUP(V29/3,0) -> 1 | V29: =RANDBETWEEN(0,4) -> 3 | W29: =ROUNDUP(X29/3,0) -> 1 | X29: =RANDBETWEEN(0,4) -> 1 | Y29: =ROUNDUP(Z29/3,0) -> 2 | Z29: =RANDBETWEEN(0,4) -> 4 | AA29: =ROUNDUP(AB29/3,0) -> 1 | AB29: =RANDBETWEEN(0,4) -> 1 | AC29: =SUM(S29,U29,W29,Y29,AA29) -> 5 | AD29: =SUM(T29,V29,X29,Z29,AB29) -> 9 | AE29: =ROUNDUP(AF29/3,0) -> 2 | AF29: =RANDBETWEEN(0,4) -> 4 | AG29: =ROUNDUP(AH29/3,0) -> 0 | AH29: =RANDBETWEEN(0,4) -> 0 | AI29: =ROUNDUP(AJ29/3,0) -> 1 | AJ29: =RANDBETWEEN(0,4) -> 1 | AK29: =ROUNDUP(AL29/3,0) -> 2 | AL29: =RANDBETWEEN(0,4) -> 4 | AM29: =ROUNDUP(AN29/3,0) -> 1 | AN29: =RANDBETWEEN(0,4) -> 3 | AO29: =ROUNDUP(AP29/3,0) -> 0 | AP29: =RANDBETWEEN(0,4) -> 0 | AQ29: =SUM(AG29,AI29,AK29,AM29,AO29) -> 4 | AR29: =SUM(AH29,AJ29,AL29,AN29,AP29) -> 8 | AS29: =ROUNDUP(AT29/3,0) -> 2 | AT29: =RANDBETWEEN(0,4) -> 4 | AU29: =ROUNDUP(AV29/3,0) -> 1 | AV29: =RANDBETWEEN(0,4) -> 1 | AW29: =ROUNDUP(AX29/3,0) -> 0 | AX29: =RANDBETWEEN(0,4) -> 0 | AY29: =ROUNDUP(AZ29/3,0) -> 1 | AZ29: =RANDBETWEEN(0,4) -> 2 | BA29: =ROUNDUP(BB29/3,0) -> 2 | BB29: =RANDBETWEEN(0,4) -> 4 | BC29: =SUM(AS29,AU29,AW29,AY29,BA29) -> 6 | BD29: =SUM(AT29,AV29,AX29,AZ29,BB29) -> 11 | BE29: =SUM(E29,G29,I29,O29,Q29,AC29,AQ29,BC29) -> 21 | BF29: =SUM(F29,H29,J29,P29,R29,AD29,AR29,BD29) -> 38 | BG29: =BF29*'ОВгП_РАО'!$B$27 -> #REF! | BH29: ='ОВгП_РАО'!$B$27 -> #REF!
A30: =A29 -> 46261 | B30: 155 мм | C30: ствольний | D30: середній ОФ | E30: =ROUNDUP(F30/3,0) -> 21 | F30: =RANDBETWEEN(0,100) -> 61 | G30: =ROUNDUP(H30/3,0) -> 16 | H30: =RANDBETWEEN(0,100) -> 46 | I30: =ROUNDUP(J30/3,0) -> 27 | J30: =RANDBETWEEN(0,100) -> 81 | K30: =ROUNDUP(L30/3,0) -> 24 | L30: =RANDBETWEEN(0,100) -> 71 | M30: =ROUNDUP(N30/3,0) -> 7 | N30: =RANDBETWEEN(0,100) -> 21 | O30: =SUM(K30,M30) -> 31 | P30: =SUM(L30,N30) -> 92 | Q30: =ROUNDUP(R30/3,0) -> 7 | R30: =RANDBETWEEN(0,100) -> 19 | S30: =ROUNDUP(T30/3,0) -> 22 | T30: =RANDBETWEEN(0,300) -> 66 | U30: =ROUNDUP(V30/3,0) -> 5 | V30: =RANDBETWEEN(0,300) -> 13 | W30: =ROUNDUP(X30/3,0) -> 51 | X30: =RANDBETWEEN(0,300) -> 152 | Y30: =ROUNDUP(Z30/3,0) -> 44 | Z30: =RANDBETWEEN(0,300) -> 130 | AA30: =ROUNDUP(AB30/3,0) -> 68 | AB30: =RANDBETWEEN(0,300) -> 203 | AC30: =SUM(S30,U30,W30,Y30,AA30) -> 190 | AD30: =SUM(T30,V30,X30,Z30,AB30) -> 564 | AE30: =ROUNDUP(AF30/3,0) -> 54 | AF30: =RANDBETWEEN(100,500) -> 162 | AG30: =ROUNDUP(AH30/3,0) -> 103 | AH30: =RANDBETWEEN(100,500) -> 308 | AI30: =ROUNDUP(AJ30/3,0) -> 70 | AJ30: =RANDBETWEEN(100,500) -> 208 | AK30: =ROUNDUP(AL30/3,0) -> 102 | AL30: =RANDBETWEEN(100,500) -> 304 | AM30: =ROUNDUP(AN30/3,0) -> 134 | AN30: =RANDBETWEEN(100,500) -> 402 | AO30: =ROUNDUP(AP30/3,0) -> 84 | AP30: =RANDBETWEEN(100,500) -> 252 | AQ30: =SUM(AG30,AI30,AK30,AM30,AO30) -> 493 | AR30: =SUM(AH30,AJ30,AL30,AN30,AP30) -> 1474 | AS30: =ROUNDUP(AT30/3,0) -> 117 | AT30: =RANDBETWEEN(100,500) -> 351 | AU30: =ROUNDUP(AV30/3,0) -> 59 | AV30: =RANDBETWEEN(100,500) -> 177 | AW30: =ROUNDUP(AX30/3,0) -> 96 | AX30: =RANDBETWEEN(100,500) -> 286 | AY30: =ROUNDUP(AZ30/3,0) -> 59 | AZ30: =RANDBETWEEN(100,500) -> 175 | BA30: =ROUNDUP(BB30/3,0) -> 152 | BB30: =RANDBETWEEN(100,500) -> 455 | BC30: =SUM(AS30,AU30,AW30,AY30,BA30) -> 483 | BD30: =SUM(AT30,AV30,AX30,AZ30,BB30) -> 1444 | BE30: =SUM(E30,G30,I30,O30,Q30,AC30,AQ30,BC30) -> 1268 | BF30: =SUM(F30,H30,J30,P30,R30,AD30,AR30,BD30) -> 3781 | BG30: =BF30*'ОВгП_РАО'!$B$28 -> #REF! | BH30: ='ОВгП_РАО'!$B$28 -> #REF!
A31: =A30 -> 46261 | B31: 152 мм | C31: ствольний | D31: середній ОФ | E31: =ROUNDUP(F31/3,0) -> 28 | F31: =RANDBETWEEN(0,100) -> 83 | G31: =ROUNDUP(H31/3,0) -> 26 | H31: =RANDBETWEEN(0,100) -> 77 | I31: =ROUNDUP(J31/3,0) -> 19 | J31: =RANDBETWEEN(0,100) -> 55 | K31: =ROUNDUP(L31/3,0) -> 19 | L31: =RANDBETWEEN(0,100) -> 57 | M31: =ROUNDUP(N31/3,0) -> 12 | N31: =RANDBETWEEN(0,100) -> 35 | O31: =SUM(K31,M31) -> 31 | P31: =SUM(L31,N31) -> 92 | Q31: =ROUNDUP(R31/3,0) -> 3 | R31: =RANDBETWEEN(0,100) -> 7 | S31: =ROUNDUP(T31/3,0) -> 97 | T31: =RANDBETWEEN(0,300) -> 291 | U31: =ROUNDUP(V31/3,0) -> 59 | V31: =RANDBETWEEN(0,300) -> 176 | W31: =ROUNDUP(X31/3,0) -> 87 | X31: =RANDBETWEEN(0,300) -> 260 | Y31: =ROUNDUP(Z31/3,0) -> 3 | Z31: =RANDBETWEEN(0,300) -> 8 | AA31: =ROUNDUP(AB31/3,0) -> 88 | AB31: =RANDBETWEEN(0,300) -> 263 | AC31: =SUM(S31,U31,W31,Y31,AA31) -> 334 | AD31: =SUM(T31,V31,X31,Z31,AB31) -> 998 | AE31: =ROUNDUP(AF31/3,0) -> 34 | AF31: =RANDBETWEEN(0,300) -> 102 | AG31: =ROUNDUP(AH31/3,0) -> 90 | AH31: =RANDBETWEEN(0,300) -> 268 | AI31: =ROUNDUP(AJ31/3,0) -> 53 | AJ31: =RANDBETWEEN(0,300) -> 158 | AK31: =ROUNDUP(AL31/3,0) -> 93 | AL31: =RANDBETWEEN(0,300) -> 278 | AM31: =ROUNDUP(AN31/3,0) -> 68 | AN31: =RANDBETWEEN(0,300) -> 203 | AO31: =ROUNDUP(AP31/3,0) -> 50 | AP31: =RANDBETWEEN(0,300) -> 149 | AQ31: =SUM(AG31,AI31,AK31,AM31,AO31) -> 354 | AR31: =SUM(AH31,AJ31,AL31,AN31,AP31) -> 1056 | AS31: =ROUNDUP(AT31/3,0) -> 68 | AT31: =RANDBETWEEN(0,300) -> 203 | AU31: =ROUNDUP(AV31/3,0) -> 38 | AV31: =RANDBETWEEN(0,300) -> 112 | AW31: =ROUNDUP(AX31/3,0) -> 44 | AX31: =RANDBETWEEN(0,300) -> 130 | AY31: =ROUNDUP(AZ31/3,0) -> 86 | AZ31: =RANDBETWEEN(0,300) -> 257 | BA31: =ROUNDUP(BB31/3,0) -> 53 | BB31: =RANDBETWEEN(0,300) -> 157 | BC31: =SUM(AS31,AU31,AW31,AY31,BA31) -> 289 | BD31: =SUM(AT31,AV31,AX31,AZ31,BB31) -> 859 | BE31: =SUM(E31,G31,I31,O31,Q31,AC31,AQ31,BC31) -> 1084 | BF31: =SUM(F31,H31,J31,P31,R31,AD31,AR31,BD31) -> 3227 | BG31: =BF31*'ОВгП_РАО'!$B$29 -> #REF! | BH31: ='ОВгП_РАО'!$B$29 -> #REF!
A32: =A31 -> 46261 | B32: 122 мм | C32: ствольний | D32: середній ОФ | E32: =ROUNDUP(F32/3,0) -> 4 | F32: =RANDBETWEEN(0,100) -> 12 | G32: =ROUNDUP(H32/3,0) -> 9 | H32: =RANDBETWEEN(0,100) -> 26 | I32: =ROUNDUP(J32/3,0) -> 16 | J32: =RANDBETWEEN(0,100) -> 46 | K32: =ROUNDUP(L32/3,0) -> 20 | L32: =RANDBETWEEN(0,100) -> 58 | M32: =ROUNDUP(N32/3,0) -> 22 | N32: =RANDBETWEEN(0,100) -> 66 | O32: =SUM(K32,M32) -> 42 | P32: =SUM(L32,N32) -> 124 | Q32: =ROUNDUP(R32/3,0) -> 32 | R32: =RANDBETWEEN(0,100) -> 95 | S32: =ROUNDUP(T32/3,0) -> 63 | T32: =RANDBETWEEN(0,300) -> 189 | U32: =ROUNDUP(V32/3,0) -> 39 | V32: =RANDBETWEEN(0,300) -> 117 | W32: =ROUNDUP(X32/3,0) -> 66 | X32: =RANDBETWEEN(0,300) -> 196 | Y32: =ROUNDUP(Z32/3,0) -> 81 | Z32: =RANDBETWEEN(0,300) -> 242 | AA32: =ROUNDUP(AB32/3,0) -> 46 | AB32: =RANDBETWEEN(0,300) -> 136 | AC32: =SUM(S32,U32,W32,Y32,AA32) -> 295 | AD32: =SUM(T32,V32,X32,Z32,AB32) -> 880 | AE32: =ROUNDUP(AF32/3,0) -> 5 | AF32: =RANDBETWEEN(0,300) -> 13 | AG32: =ROUNDUP(AH32/3,0) -> 27 | AH32: =RANDBETWEEN(0,300) -> 80 | AI32: =ROUNDUP(AJ32/3,0) -> 21 | AJ32: =RANDBETWEEN(0,300) -> 62 | AK32: =ROUNDUP(AL32/3,0) -> 96 | AL32: =RANDBETWEEN(0,300) -> 288 | AM32: =ROUNDUP(AN32/3,0) -> 27 | AN32: =RANDBETWEEN(0,300) -> 81 | AO32: =ROUNDUP(AP32/3,0) -> 77 | AP32: =RANDBETWEEN(0,300) -> 230 | AQ32: =SUM(AG32,AI32,AK32,AM32,AO32) -> 248 | AR32: =SUM(AH32,AJ32,AL32,AN32,AP32) -> 741 | AS32: =ROUNDUP(AT32/3,0) -> 35 | AT32: =RANDBETWEEN(0,300) -> 103 | AU32: =ROUNDUP(AV32/3,0) -> 61 | AV32: =RANDBETWEEN(0,300) -> 182 | AW32: =ROUNDUP(AX32/3,0) -> 69 | AX32: =RANDBETWEEN(0,300) -> 205 | AY32: =ROUNDUP(AZ32/3,0) -> 24 | AZ32: =RANDBETWEEN(0,300) -> 72 | BA32: =ROUNDUP(BB32/3,0) -> 91 | BB32: =RANDBETWEEN(0,300) -> 272 | BC32: =SUM(AS32,AU32,AW32,AY32,BA32) -> 280 | BD32: =SUM(AT32,AV32,AX32,AZ32,BB32) -> 834 | BE32: =SUM(E32,G32,I32,O32,Q32,AC32,AQ32,BC32) -> 926 | BF32: =SUM(F32,H32,J32,P32,R32,AD32,AR32,BD32) -> 2758 | BG32: =BF32*'ОВгП_РАО'!$B$30 -> #REF! | BH32: ='ОВгП_РАО'!$B$30 -> #REF!
A33: =A32 -> 46261 | B33: 105 мм | C33: ствольний | D33: легкий ОФ | E33: =ROUNDUP(F33/3,0) -> 13 | F33: =RANDBETWEEN(0,100) -> 39 | G33: =ROUNDUP(H33/3,0) -> 10 | H33: =RANDBETWEEN(0,100) -> 28 | I33: =ROUNDUP(J33/3,0) -> 33 | J33: =RANDBETWEEN(0,100) -> 97 | K33: =ROUNDUP(L33/3,0) -> 26 | L33: =RANDBETWEEN(0,100) -> 78 | M33: =ROUNDUP(N33/3,0) -> 25 | N33: =RANDBETWEEN(0,100) -> 75 | O33: =SUM(K33,M33) -> 51 | P33: =SUM(L33,N33) -> 153 | Q33: =ROUNDUP(R33/3,0) -> 32 | R33: =RANDBETWEEN(0,100) -> 94 | S33: =ROUNDUP(T33/3,0) -> 35 | T33: =RANDBETWEEN(0,300) -> 103 | U33: =ROUNDUP(V33/3,0) -> 61 | V33: =RANDBETWEEN(0,300) -> 181 | W33: =ROUNDUP(X33/3,0) -> 41 | X33: =RANDBETWEEN(0,300) -> 123 | Y33: =ROUNDUP(Z33/3,0) -> 87 | Z33: =RANDBETWEEN(0,300) -> 260 | AA33: =ROUNDUP(AB33/3,0) -> 60 | AB33: =RANDBETWEEN(0,300) -> 179 | AC33: =SUM(S33,U33,W33,Y33,AA33) -> 284 | AD33: =SUM(T33,V33,X33,Z33,AB33) -> 846 | AE33: =ROUNDUP(AF33/3,0) -> 23 | AF33: =RANDBETWEEN(0,300) -> 69 | AG33: =ROUNDUP(AH33/3,0) -> 48 | AH33: =RANDBETWEEN(0,300) -> 142 | AI33: =ROUNDUP(AJ33/3,0) -> 45 | AJ33: =RANDBETWEEN(0,300) -> 133 | AK33: =ROUNDUP(AL33/3,0) -> 4 | AL33: =RANDBETWEEN(0,300) -> 12 | AM33: =ROUNDUP(AN33/3,0) -> 77 | AN33: =RANDBETWEEN(0,300) -> 229 | AO33: =ROUNDUP(AP33/3,0) -> 69 | AP33: =RANDBETWEEN(0,300) -> 207 | AQ33: =SUM(AG33,AI33,AK33,AM33,AO33) -> 243 | AR33: =SUM(AH33,AJ33,AL33,AN33,AP33) -> 723 | AS33: =ROUNDUP(AT33/3,0) -> 10 | AT33: =RANDBETWEEN(0,100) -> 28 | AU33: =ROUNDUP(AV33/3,0) -> 11 | AV33: =RANDBETWEEN(0,100) -> 32 | AW33: =ROUNDUP(AX33/3,0) -> 14 | AX33: =RANDBETWEEN(0,100) -> 40 | AY33: =ROUNDUP(AZ33/3,0) -> 16 | AZ33: =RANDBETWEEN(0,100) -> 46 | BA33: =ROUNDUP(BB33/3,0) -> 21 | BB33: =RANDBETWEEN(0,100) -> 61 | BC33: =SUM(AS33,AU33,AW33,AY33,BA33) -> 72 | BD33: =SUM(AT33,AV33,AX33,AZ33,BB33) -> 207 | BE33: =SUM(E33,G33,I33,O33,Q33,AC33,AQ33,BC33) -> 738 | BF33: =SUM(F33,H33,J33,P33,R33,AD33,AR33,BD33) -> 2187 | BG33: =BF33*'ОВгП_РАО'!$B$31 -> #REF! | BH33: ='ОВгП_РАО'!$B$31 -> #REF!
A34: =A33 -> 46261 | B34: 100 мм | C34: ствольний | D34: легкий ОФ | E34: =ROUNDUP(F34/3,0) -> 8 | F34: =RANDBETWEEN(0,100) -> 24 | G34: =ROUNDUP(H34/3,0) -> 3 | H34: =RANDBETWEEN(0,100) -> 7 | I34: =ROUNDUP(J34/3,0) -> 27 | J34: =RANDBETWEEN(0,100) -> 80 | K34: =ROUNDUP(L34/3,0) -> 11 | L34: =RANDBETWEEN(0,100) -> 33 | M34: =ROUNDUP(N34/3,0) -> 2 | N34: =RANDBETWEEN(0,100) -> 4 | O34: =SUM(K34,M34) -> 13 | P34: =SUM(L34,N34) -> 37 | Q34: =ROUNDUP(R34/3,0) -> 22 | R34: =RANDBETWEEN(0,100) -> 64 | S34: =ROUNDUP(T34/3,0) -> 40 | T34: =RANDBETWEEN(0,300) -> 119 | U34: =ROUNDUP(V34/3,0) -> 21 | V34: =RANDBETWEEN(0,300) -> 61 | W34: =ROUNDUP(X34/3,0) -> 65 | X34: =RANDBETWEEN(0,300) -> 193 | Y34: =ROUNDUP(Z34/3,0) -> 82 | Z34: =RANDBETWEEN(0,300) -> 246 | AA34: =ROUNDUP(AB34/3,0) -> 31 | AB34: =RANDBETWEEN(0,300) -> 91 | AC34: =SUM(S34,U34,W34,Y34,AA34) -> 239 | AD34: =SUM(T34,V34,X34,Z34,AB34) -> 710 | AE34: =ROUNDUP(AF34/3,0) -> 36 | AF34: =RANDBETWEEN(0,300) -> 108 | AG34: =ROUNDUP(AH34/3,0) -> 70 | AH34: =RANDBETWEEN(0,300) -> 209 | AI34: =ROUNDUP(AJ34/3,0) -> 17 | AJ34: =RANDBETWEEN(0,300) -> 51 | AK34: =ROUNDUP(AL34/3,0) -> 71 | AL34: =RANDBETWEEN(0,300) -> 211 | AM34: =ROUNDUP(AN34/3,0) -> 20 | AN34: =RANDBETWEEN(0,300) -> 58 | AO34: =ROUNDUP(AP34/3,0) -> 42 | AP34: =RANDBETWEEN(0,300) -> 126 | AQ34: =SUM(AG34,AI34,AK34,AM34,AO34) -> 220 | AR34: =SUM(AH34,AJ34,AL34,AN34,AP34) -> 655 | AS34: =ROUNDUP(AT34/3,0) -> 32 | AT34: =RANDBETWEEN(0,100) -> 96 | AU34: =ROUNDUP(AV34/3,0) -> 23 | AV34: =RANDBETWEEN(0,100) -> 68 | AW34: =ROUNDUP(AX34/3,0) -> 28 | AX34: =RANDBETWEEN(0,100) -> 83 | AY34: =ROUNDUP(AZ34/3,0) -> 9 | AZ34: =RANDBETWEEN(0,100) -> 25 | BA34: =ROUNDUP(BB34/3,0) -> 3 | BB34: =RANDBETWEEN(0,100) -> 9 | BC34: =SUM(AS34,AU34,AW34,AY34,BA34) -> 95 | BD34: =SUM(AT34,AV34,AX34,AZ34,BB34) -> 281 | BE34: =SUM(E34,G34,I34,O34,Q34,AC34,AQ34,BC34) -> 627 | BF34: =SUM(F34,H34,J34,P34,R34,AD34,AR34,BD34) -> 1858 | BG34: =BF34*'ОВгП_РАО'!$B$32 -> #REF! | BH34: ='ОВгП_РАО'!$B$32 -> #REF!
A35: =A34 -> 46261 | B35: 85 мм | C35: ствольний | D35: легкий ОФ | E35: =ROUNDUP(F35/3,0) -> 13 | F35: =RANDBETWEEN(0,100) -> 37 | G35: =ROUNDUP(H35/3,0) -> 8 | H35: =RANDBETWEEN(0,100) -> 23 | I35: =ROUNDUP(J35/3,0) -> 7 | J35: =RANDBETWEEN(0,100) -> 19 | K35: =ROUNDUP(L35/3,0) -> 4 | L35: =RANDBETWEEN(0,100) -> 12 | M35: =ROUNDUP(N35/3,0) -> 19 | N35: =RANDBETWEEN(0,100) -> 55 | O35: =SUM(K35,M35) -> 23 | P35: =SUM(L35,N35) -> 67 | Q35: =ROUNDUP(R35/3,0) -> 15 | R35: =RANDBETWEEN(0,100) -> 45 | S35: =ROUNDUP(T35/3,0) -> 54 | T35: =RANDBETWEEN(0,300) -> 162 | U35: =ROUNDUP(V35/3,0) -> 60 | V35: =RANDBETWEEN(0,300) -> 180 | W35: =ROUNDUP(X35/3,0) -> 40 | X35: =RANDBETWEEN(0,300) -> 120 | Y35: =ROUNDUP(Z35/3,0) -> 16 | Z35: =RANDBETWEEN(0,300) -> 46 | AA35: =ROUNDUP(AB35/3,0) -> 33 | AB35: =RANDBETWEEN(0,300) -> 98 | AC35: =SUM(S35,U35,W35,Y35,AA35) -> 203 | AD35: =SUM(T35,V35,X35,Z35,AB35) -> 606 | AE35: =ROUNDUP(AF35/3,0) -> 13 | AF35: =RANDBETWEEN(0,300) -> 37 | AG35: =ROUNDUP(AH35/3,0) -> 19 | AH35: =RANDBETWEEN(0,300) -> 55 | AI35: =ROUNDUP(AJ35/3,0) -> 57 | AJ35: =RANDBETWEEN(0,300) -> 170 | AK35: =ROUNDUP(AL35/3,0) -> 48 | AL35: =RANDBETWEEN(0,300) -> 143 | AM35: =ROUNDUP(AN35/3,0) -> 23 | AN35: =RANDBETWEEN(0,300) -> 69 | AO35: =ROUNDUP(AP35/3,0) -> 62 | AP35: =RANDBETWEEN(0,300) -> 184 | AQ35: =SUM(AG35,AI35,AK35,AM35,AO35) -> 209 | AR35: =SUM(AH35,AJ35,AL35,AN35,AP35) -> 621 | AS35: =ROUNDUP(AT35/3,0) -> 33 | AT35: =RANDBETWEEN(0,100) -> 98 | AU35: =ROUNDUP(AV35/3,0) -> 29 | AV35: =RANDBETWEEN(0,100) -> 86 | AW35: =ROUNDUP(AX35/3,0) -> 21 | AX35: =RANDBETWEEN(0,100) -> 61 | AY35: =ROUNDUP(AZ35/3,0) -> 27 | AZ35: =RANDBETWEEN(0,100) -> 81 | BA35: =ROUNDUP(BB35/3,0) -> 8 | BB35: =RANDBETWEEN(0,100) -> 22 | BC35: =SUM(AS35,AU35,AW35,AY35,BA35) -> 118 | BD35: =SUM(AT35,AV35,AX35,AZ35,BB35) -> 348 | BE35: =SUM(E35,G35,I35,O35,Q35,AC35,AQ35,BC35) -> 596 | BF35: =SUM(F35,H35,J35,P35,R35,AD35,AR35,BD35) -> 1766 | BG35: =BF35*'ОВгП_РАО'!$B$33 -> #REF! | BH35: ='ОВгП_РАО'!$B$33 -> #REF!
A36: =A35 -> 46261 | B36: 120 мм міномети | C36: мінометний | D36: важкий | E36: =ROUNDUP(F36/3,0) -> 1 | F36: =RANDBETWEEN(0,100) -> 1 | G36: =ROUNDUP(H36/3,0) -> 21 | H36: =RANDBETWEEN(0,100) -> 62 | I36: =ROUNDUP(J36/3,0) -> 26 | J36: =RANDBETWEEN(0,100) -> 78 | K36: =ROUNDUP(L36/3,0) -> 1 | L36: =RANDBETWEEN(0,100) -> 1 | M36: =ROUNDUP(N36/3,0) -> 33 | N36: =RANDBETWEEN(0,100) -> 98 | O36: =SUM(K36,M36) -> 34 | P36: =SUM(L36,N36) -> 99 | Q36: =ROUNDUP(R36/3,0) -> 24 | R36: =RANDBETWEEN(0,100) -> 70 | S36: =ROUNDUP(T36/3,0) -> 77 | T36: =RANDBETWEEN(0,300) -> 231 | U36: =ROUNDUP(V36/3,0) -> 86 | V36: =RANDBETWEEN(0,300) -> 258 | W36: =ROUNDUP(X36/3,0) -> 18 | X36: =RANDBETWEEN(0,300) -> 53 | Y36: =ROUNDUP(Z36/3,0) -> 65 | Z36: =RANDBETWEEN(0,300) -> 195 | AA36: =ROUNDUP(AB36/3,0) -> 20 | AB36: =RANDBETWEEN(0,300) -> 59 | AC36: =SUM(S36,U36,W36,Y36,AA36) -> 266 | AD36: =SUM(T36,V36,X36,Z36,AB36) -> 796 | AE36: =ROUNDUP(AF36/3,0) -> 14 | AF36: =RANDBETWEEN(0,300) -> 40 | AG36: =ROUNDUP(AH36/3,0) -> 58 | AH36: =RANDBETWEEN(0,300) -> 174 | AI36: =ROUNDUP(AJ36/3,0) -> 70 | AJ36: =RANDBETWEEN(0,300) -> 208 | AK36: =ROUNDUP(AL36/3,0) -> 9 | AL36: =RANDBETWEEN(0,300) -> 26 | AM36: =ROUNDUP(AN36/3,0) -> 33 | AN36: =RANDBETWEEN(0,300) -> 97 | AO36: =ROUNDUP(AP36/3,0) -> 44 | AP36: =RANDBETWEEN(0,300) -> 132 | AQ36: =SUM(AG36,AI36,AK36,AM36,AO36) -> 214 | AR36: =SUM(AH36,AJ36,AL36,AN36,AP36) -> 637 | AS36: =ROUNDUP(AT36/3,0) -> 78 | AT36: =RANDBETWEEN(0,300) -> 233 | AU36: =ROUNDUP(AV36/3,0) -> 39 | AV36: =RANDBETWEEN(0,300) -> 117 | AW36: =ROUNDUP(AX36/3,0) -> 44 | AX36: =RANDBETWEEN(0,300) -> 131 | AY36: =ROUNDUP(AZ36/3,0) -> 55 | AZ36: =RANDBETWEEN(0,300) -> 165 | BA36: =ROUNDUP(BB36/3,0) -> 62 | BB36: =RANDBETWEEN(0,300) -> 184 | BC36: =SUM(AS36,AU36,AW36,AY36,BA36) -> 278 | BD36: =SUM(AT36,AV36,AX36,AZ36,BB36) -> 830 | BE36: =SUM(E36,G36,I36,O36,Q36,AC36,AQ36,BC36) -> 864 | BF36: =SUM(F36,H36,J36,P36,R36,AD36,AR36,BD36) -> 2573 | BG36: =BF36*'ОВгП_РАО'!$B$34 -> #REF! | BH36: ='ОВгП_РАО'!$B$34 -> #REF!
A37: =A36 -> 46261 | B37: 82 мм міномети | C37: мінометний | D37: середній | E37: =ROUNDUP(F37/3,0) -> 24 | F37: =RANDBETWEEN(0,100) -> 71 | G37: =ROUNDUP(H37/3,0) -> 1 | H37: =RANDBETWEEN(0,100) -> 3 | I37: =ROUNDUP(J37/3,0) -> 30 | J37: =RANDBETWEEN(0,100) -> 88 | K37: =ROUNDUP(L37/3,0) -> 8 | L37: =RANDBETWEEN(0,100) -> 22 | M37: =ROUNDUP(N37/3,0) -> 1 | N37: =RANDBETWEEN(0,100) -> 2 | O37: =SUM(K37,M37) -> 9 | P37: =SUM(L37,N37) -> 24 | Q37: =ROUNDUP(R37/3,0) -> 20 | R37: =RANDBETWEEN(0,100) -> 59 | S37: =ROUNDUP(T37/3,0) -> 43 | T37: =RANDBETWEEN(0,300) -> 129 | U37: =ROUNDUP(V37/3,0) -> 63 | V37: =RANDBETWEEN(0,300) -> 189 | W37: =ROUNDUP(X37/3,0) -> 94 | X37: =RANDBETWEEN(0,300) -> 280 | Y37: =ROUNDUP(Z37/3,0) -> 75 | Z37: =RANDBETWEEN(0,300) -> 224 | AA37: =ROUNDUP(AB37/3,0) -> 22 | AB37: =RANDBETWEEN(0,300) -> 65 | AC37: =SUM(S37,U37,W37,Y37,AA37) -> 297 | AD37: =SUM(T37,V37,X37,Z37,AB37) -> 887 | AE37: =ROUNDUP(AF37/3,0) -> 16 | AF37: =RANDBETWEEN(0,300) -> 46 | AG37: =ROUNDUP(AH37/3,0) -> 36 | AH37: =RANDBETWEEN(0,300) -> 108 | AI37: =ROUNDUP(AJ37/3,0) -> 22 | AJ37: =RANDBETWEEN(0,300) -> 64 | AK37: =ROUNDUP(AL37/3,0) -> 93 | AL37: =RANDBETWEEN(0,300) -> 278 | AM37: =ROUNDUP(AN37/3,0) -> 40 | AN37: =RANDBETWEEN(0,300) -> 119 | AO37: =ROUNDUP(AP37/3,0) -> 54 | AP37: =RANDBETWEEN(0,300) -> 161 | AQ37: =SUM(AG37,AI37,AK37,AM37,AO37) -> 245 | AR37: =SUM(AH37,AJ37,AL37,AN37,AP37) -> 730 | AS37: =ROUNDUP(AT37/3,0) -> 96 | AT37: =RANDBETWEEN(0,300) -> 288 | AU37: =ROUNDUP(AV37/3,0) -> 56 | AV37: =RANDBETWEEN(0,300) -> 168 | AW37: =ROUNDUP(AX37/3,0) -> 14 | AX37: =RANDBETWEEN(0,300) -> 40 | AY37: =ROUNDUP(AZ37/3,0) -> 84 | AZ37: =RANDBETWEEN(0,300) -> 251 | BA37: =ROUNDUP(BB37/3,0) -> 69 | BB37: =RANDBETWEEN(0,300) -> 206 | BC37: =SUM(AS37,AU37,AW37,AY37,BA37) -> 319 | BD37: =SUM(AT37,AV37,AX37,AZ37,BB37) -> 953 | BE37: =SUM(E37,G37,I37,O37,Q37,AC37,AQ37,BC37) -> 945 | BF37: =SUM(F37,H37,J37,P37,R37,AD37,AR37,BD37) -> 2815 | BG37: =BF37*'ОВгП_РАО'!$B$35 -> #REF! | BH37: ='ОВгП_РАО'!$B$35 -> #REF!
A38: =A37 -> 46261 | B38: 60 мм міномети | C38: мінометний | D38: легкий | E38: =ROUNDUP(F38/3,0) -> 18 | F38: =RANDBETWEEN(0,100) -> 53 | G38: =ROUNDUP(H38/3,0) -> 0 | H38: =RANDBETWEEN(0,100) -> 0 | I38: =ROUNDUP(J38/3,0) -> 8 | J38: =RANDBETWEEN(0,100) -> 22 | K38: =ROUNDUP(L38/3,0) -> 20 | L38: =RANDBETWEEN(0,100) -> 59 | M38: =ROUNDUP(N38/3,0) -> 27 | N38: =RANDBETWEEN(0,100) -> 81 | O38: =SUM(K38,M38) -> 47 | P38: =SUM(L38,N38) -> 140 | Q38: =ROUNDUP(R38/3,0) -> 9 | R38: =RANDBETWEEN(0,100) -> 26 | S38: =ROUNDUP(T38/3,0) -> 33 | T38: =RANDBETWEEN(0,300) -> 97 | U38: =ROUNDUP(V38/3,0) -> 17 | V38: =RANDBETWEEN(0,300) -> 50 | W38: =ROUNDUP(X38/3,0) -> 22 | X38: =RANDBETWEEN(0,300) -> 64 | Y38: =ROUNDUP(Z38/3,0) -> 26 | Z38: =RANDBETWEEN(0,300) -> 77 | AA38: =ROUNDUP(AB38/3,0) -> 85 | AB38: =RANDBETWEEN(0,300) -> 253 | AC38: =SUM(S38,U38,W38,Y38,AA38) -> 183 | AD38: =SUM(T38,V38,X38,Z38,AB38) -> 541 | AE38: =ROUNDUP(AF38/3,0) -> 21 | AF38: =RANDBETWEEN(0,300) -> 63 | AG38: =ROUNDUP(AH38/3,0) -> 12 | AH38: =RANDBETWEEN(0,300) -> 36 | AI38: =ROUNDUP(AJ38/3,0) -> 8 | AJ38: =RANDBETWEEN(0,300) -> 23 | AK38: =ROUNDUP(AL38/3,0) -> 95 | AL38: =RANDBETWEEN(0,300) -> 284 | AM38: =ROUNDUP(AN38/3,0) -> 41 | AN38: =RANDBETWEEN(0,300) -> 121 | AO38: =ROUNDUP(AP38/3,0) -> 20 | AP38: =RANDBETWEEN(0,300) -> 60 | AQ38: =SUM(AG38,AI38,AK38,AM38,AO38) -> 176 | AR38: =SUM(AH38,AJ38,AL38,AN38,AP38) -> 524 | AS38: =ROUNDUP(AT38/3,0) -> 81 | AT38: =RANDBETWEEN(0,300) -> 241 | AU38: =ROUNDUP(AV38/3,0) -> 53 | AV38: =RANDBETWEEN(0,300) -> 158 | AW38: =ROUNDUP(AX38/3,0) -> 48 | AX38: =RANDBETWEEN(0,300) -> 144 | AY38: =ROUNDUP(AZ38/3,0) -> 66 | AZ38: =RANDBETWEEN(0,300) -> 197 | BA38: =ROUNDUP(BB38/3,0) -> 59 | BB38: =RANDBETWEEN(0,300) -> 175 | BC38: =SUM(AS38,AU38,AW38,AY38,BA38) -> 307 | BD38: =SUM(AT38,AV38,AX38,AZ38,BB38) -> 915 | BE38: =SUM(E38,G38,I38,O38,Q38,AC38,AQ38,BC38) -> 748 | BF38: =SUM(F38,H38,J38,P38,R38,AD38,AR38,BD38) -> 2221 | BG38: =BF38*'ОВгП_РАО'!$B$36 -> #REF! | BH38: ='ОВгП_РАО'!B36 -> #REF!
A40: =A38+1 -> 46262 | B40: 227 мм М26 | C40: РСЗВ | D40: важкий | E40: =ROUNDUP(F40/3,0) -> 1 | F40: =RANDBETWEEN(0,4) -> 3 | G40: =ROUNDUP(H40/3,0) -> 1 | H40: =RANDBETWEEN(0,4) -> 3 | I40: =ROUNDUP(J40/3,0) -> 1 | J40: =RANDBETWEEN(0,4) -> 3 | K40: =ROUNDUP(L40/3,0) -> 1 | L40: =RANDBETWEEN(0,4) -> 2 | M40: =ROUNDUP(N40/3,0) -> 2 | N40: =RANDBETWEEN(0,4) -> 4 | O40: =SUM(K40,M40) -> 3 | P40: =SUM(L40,N40) -> 6 | Q40: =ROUNDUP(R40/3,0) -> 1 | R40: =RANDBETWEEN(0,4) -> 3 | S40: =ROUNDUP(T40/3,0) -> 2 | T40: =RANDBETWEEN(0,4) -> 4 | U40: =ROUNDUP(V40/3,0) -> 1 | V40: =RANDBETWEEN(0,4) -> 3 | W40: =ROUNDUP(X40/3,0) -> 1 | X40: =RANDBETWEEN(0,4) -> 3 | Y40: =ROUNDUP(Z40/3,0) -> 0 | Z40: =RANDBETWEEN(0,4) -> 0 | AA40: =ROUNDUP(AB40/3,0) -> 1 | AB40: =RANDBETWEEN(0,4) -> 3 | AC40: =SUM(S40,U40,W40,Y40,AA40) -> 5 | AD40: =SUM(T40,V40,X40,Z40,AB40) -> 13 | AE40: =ROUNDUP(AF40/3,0) -> 0 | AF40: =RANDBETWEEN(0,4) -> 0 | AG40: =ROUNDUP(AH40/3,0) -> 1 | AH40: =RANDBETWEEN(0,4) -> 2 | AI40: =ROUNDUP(AJ40/3,0) -> 1 | AJ40: =RANDBETWEEN(0,4) -> 1 | AK40: =ROUNDUP(AL40/3,0) -> 1 | AL40: =RANDBETWEEN(0,4) -> 1 | AM40: =ROUNDUP(AN40/3,0) -> 1 | AN40: =RANDBETWEEN(0,4) -> 2 | AO40: =ROUNDUP(AP40/3,0) -> 0 | AP40: =RANDBETWEEN(0,4) -> 0 | AQ40: =SUM(AG40,AI40,AK40,AM40,AO40) -> 4 | AR40: =SUM(AH40,AJ40,AL40,AN40,AP40) -> 6 | AS40: =ROUNDUP(AT40/3,0) -> 1 | AT40: =RANDBETWEEN(0,4) -> 2 | AU40: =ROUNDUP(AV40/3,0) -> 0 | AV40: =RANDBETWEEN(0,4) -> 0 | AW40: =ROUNDUP(AX40/3,0) -> 1 | AX40: =RANDBETWEEN(0,4) -> 2 | AY40: =ROUNDUP(AZ40/3,0) -> 1 | AZ40: =RANDBETWEEN(0,4) -> 3 | BA40: =ROUNDUP(BB40/3,0) -> 1 | BB40: =RANDBETWEEN(0,4) -> 2 | BC40: =SUM(AS40,AU40,AW40,AY40,BA40) -> 4 | BD40: =SUM(AT40,AV40,AX40,AZ40,BB40) -> 9 | BE40: =SUM(E40,G40,I40,O40,Q40,AC40,AQ40,BC40) -> 20 | BF40: =SUM(F40,H40,J40,P40,R40,AD40,AR40,BD40) -> 46 | BG40: =BF40*'ОВгП_РАО'!$B$2 -> #REF! | BH40: ='ОВгП_РАО'!$B$2 -> #REF!
A41: =A40 -> 46262 | B41: 227 мм М30 | C41: РСЗВ | D41: важкий | E41: =ROUNDUP(F41/3,0) -> 1 | F41: =RANDBETWEEN(0,4) -> 3 | G41: =ROUNDUP(H41/3,0) -> 0 | H41: =RANDBETWEEN(0,4) -> 0 | I41: =ROUNDUP(J41/3,0) -> 2 | J41: =RANDBETWEEN(0,4) -> 4 | K41: =ROUNDUP(L41/3,0) -> 1 | L41: =RANDBETWEEN(0,4) -> 2 | M41: =ROUNDUP(N41/3,0) -> 0 | N41: =RANDBETWEEN(0,4) -> 0 | O41: =SUM(K41,M41) -> 1 | P41: =SUM(L41,N41) -> 2 | Q41: =ROUNDUP(R41/3,0) -> 2 | R41: =RANDBETWEEN(0,4) -> 4 | S41: =ROUNDUP(T41/3,0) -> 2 | T41: =RANDBETWEEN(0,4) -> 4 | U41: =ROUNDUP(V41/3,0) -> 2 | V41: =RANDBETWEEN(0,4) -> 4 | W41: =ROUNDUP(X41/3,0) -> 0 | X41: =RANDBETWEEN(0,4) -> 0 | Y41: =ROUNDUP(Z41/3,0) -> 2 | Z41: =RANDBETWEEN(0,4) -> 4 | AA41: =ROUNDUP(AB41/3,0) -> 1 | AB41: =RANDBETWEEN(0,4) -> 1 | AC41: =SUM(S41,U41,W41,Y41,AA41) -> 7 | AD41: =SUM(T41,V41,X41,Z41,AB41) -> 13 | AE41: =ROUNDUP(AF41/3,0) -> 1 | AF41: =RANDBETWEEN(0,4) -> 1 | AG41: =ROUNDUP(AH41/3,0) -> 1 | AH41: =RANDBETWEEN(0,4) -> 3 | AI41: =ROUNDUP(AJ41/3,0) -> 1 | AJ41: =RANDBETWEEN(0,4) -> 3 | AK41: =ROUNDUP(AL41/3,0) -> 2 | AL41: =RANDBETWEEN(0,4) -> 4 | AM41: =ROUNDUP(AN41/3,0) -> 1 | AN41: =RANDBETWEEN(0,4) -> 2 | AO41: =ROUNDUP(AP41/3,0) -> 1 | AP41: =RANDBETWEEN(0,4) -> 1 | AQ41: =SUM(AG41,AI41,AK41,AM41,AO41) -> 6 | AR41: =SUM(AH41,AJ41,AL41,AN41,AP41) -> 13 | AS41: =ROUNDUP(AT41/3,0) -> 1 | AT41: =RANDBETWEEN(0,4) -> 1 | AU41: =ROUNDUP(AV41/3,0) -> 1 | AV41: =RANDBETWEEN(0,4) -> 3 | AW41: =ROUNDUP(AX41/3,0) -> 0 | AX41: =RANDBETWEEN(0,4) -> 0 | AY41: =ROUNDUP(AZ41/3,0) -> 1 | AZ41: =RANDBETWEEN(0,4) -> 2 | BA41: =ROUNDUP(BB41/3,0) -> 1 | BB41: =RANDBETWEEN(0,4) -> 3 | BC41: =SUM(AS41,AU41,AW41,AY41,BA41) -> 4 | BD41: =SUM(AT41,AV41,AX41,AZ41,BB41) -> 9 | BE41: =SUM(E41,G41,I41,O41,Q41,AC41,AQ41,BC41) -> 23 | BF41: =SUM(F41,H41,J41,P41,R41,AD41,AR41,BD41) -> 48 | BG41: =BF41*'ОВгП_РАО'!$B$3 -> #REF! | BH41: ='ОВгП_РАО'!$B$3 -> #REF!
A42: =A41 -> 46262 | B42: 227 мм М30А1(А2) | C42: РСЗВ | D42: важкий | E42: =ROUNDUP(F42/3,0) -> 2 | F42: =RANDBETWEEN(0,4) -> 4 | G42: =ROUNDUP(H42/3,0) -> 1 | H42: =RANDBETWEEN(0,4) -> 1 | I42: =ROUNDUP(J42/3,0) -> 2 | J42: =RANDBETWEEN(0,4) -> 4 | K42: =ROUNDUP(L42/3,0) -> 1 | L42: =RANDBETWEEN(0,4) -> 1 | M42: =ROUNDUP(N42/3,0) -> 2 | N42: =RANDBETWEEN(0,4) -> 4 | O42: =SUM(K42,M42) -> 3 | P42: =SUM(L42,N42) -> 5 | Q42: =ROUNDUP(R42/3,0) -> 2 | R42: =RANDBETWEEN(0,4) -> 4 | S42: =ROUNDUP(T42/3,0) -> 2 | T42: =RANDBETWEEN(0,4) -> 4 | U42: =ROUNDUP(V42/3,0) -> 1 | V42: =RANDBETWEEN(0,4) -> 1 | W42: =ROUNDUP(X42/3,0) -> 2 | X42: =RANDBETWEEN(0,4) -> 4 | Y42: =ROUNDUP(Z42/3,0) -> 2 | Z42: =RANDBETWEEN(0,4) -> 4 | AA42: =ROUNDUP(AB42/3,0) -> 1 | AB42: =RANDBETWEEN(0,4) -> 3 | AC42: =SUM(S42,U42,W42,Y42,AA42) -> 8 | AD42: =SUM(T42,V42,X42,Z42,AB42) -> 16 | AE42: =ROUNDUP(AF42/3,0) -> 1 | AF42: =RANDBETWEEN(0,4) -> 2 | AG42: =ROUNDUP(AH42/3,0) -> 0 | AH42: =RANDBETWEEN(0,4) -> 0 | AI42: =ROUNDUP(AJ42/3,0) -> 1 | AJ42: =RANDBETWEEN(0,4) -> 2 | AK42: =ROUNDUP(AL42/3,0) -> 2 | AL42: =RANDBETWEEN(0,4) -> 4 | AM42: =ROUNDUP(AN42/3,0) -> 1 | AN42: =RANDBETWEEN(0,4) -> 1 | AO42: =ROUNDUP(AP42/3,0) -> 1 | AP42: =RANDBETWEEN(0,4) -> 2 | AQ42: =SUM(AG42,AI42,AK42,AM42,AO42) -> 5 | AR42: =SUM(AH42,AJ42,AL42,AN42,AP42) -> 9 | AS42: =ROUNDUP(AT42/3,0) -> 1 | AT42: =RANDBETWEEN(0,4) -> 3 | AU42: =ROUNDUP(AV42/3,0) -> 1 | AV42: =RANDBETWEEN(0,4) -> 3 | AW42: =ROUNDUP(AX42/3,0) -> 1 | AX42: =RANDBETWEEN(0,4) -> 2 | AY42: =ROUNDUP(AZ42/3,0) -> 1 | AZ42: =RANDBETWEEN(0,4) -> 1 | BA42: =ROUNDUP(BB42/3,0) -> 2 | BB42: =RANDBETWEEN(0,4) -> 4 | BC42: =SUM(AS42,AU42,AW42,AY42,BA42) -> 6 | BD42: =SUM(AT42,AV42,AX42,AZ42,BB42) -> 13 | BE42: =SUM(E42,G42,I42,O42,Q42,AC42,AQ42,BC42) -> 29 | BF42: =SUM(F42,H42,J42,P42,R42,AD42,AR42,BD42) -> 56 | BG42: =BF42*'ОВгП_РАО'!$B$4 -> #REF! | BH42: ='ОВгП_РАО'!$B$4 -> #REF!
